fold,true_label,pred_A,pred_B,pred_C,pred_D,prob_high_A,prob_high_B,prob_high_C,prob_high_D
1,中,中,中,中,中,0.2880631619564984,0.2880631619564984,0.2724865664458925,0.0
1,低,低,低,低,低,0.11943064965225939,0.11943064965225939,0.15865369314664138,0.0
1,高,高,中,高,高,0.5959846816734701,0.598197390747033,0.6295826497683268,1.0
1,中,中,中,中,中,0.25256189164526327,0.2524846395139569,0.25643927938720307,0.0
1,中,中,中,中,中,0.34545802152178356,0.34545802152178356,0.3007244412591485,0.0
1,低,低,低,低,低,0.11730977154509595,0.11730977154509595,0.15650200022609673,0.0
1,中,中,中,中,中,0.27122266961343855,0.2750033166565439,0.24013499406992125,0.0
1,高,高,中,高,高,0.5398922896198475,0.5399955497980694,0.5942651506000708,1.0
1,中,中,中,中,中,0.30005345266257727,0.30005345266257727,0.2255757984664353,0.0
1,高,中,中,中,低,0.3216229991892361,0.3216229991892361,0.331602938952148,0.26
1,高,高,中,高,高,0.5951505182159598,0.5923601636480464,0.6164155387336621,1.0
1,中,中,中,中,中,0.2784345874450494,0.2755078305353401,0.30454292775253927,0.04
1,低,低,低,低,低,0.12878636785933364,0.12878636785933364,0.16527826630011302,0.0
1,中,中,中,中,中,0.3077687778866522,0.3077687778866522,0.24626045488580636,0.0
1,高,高,中,高,高,0.5466914822469481,0.5482777553767951,0.569636174688603,1.0
1,低,低,低,低,低,0.14455081380510168,0.14455081380510168,0.14861602063083088,0.0
1,中,中,中,中,中,0.2680299041842823,0.2680299041842823,0.2496955609422811,0.0
1,低,低,低,低,低,0.12153677395776351,0.12153677395776351,0.16427446182419433,0.0
1,中,中,中,中,中,0.2668015991742144,0.2668015991742144,0.2122193453237521,0.0
1,中,中,中,中,中,0.3328926475434164,0.3361489355823745,0.2753311710175009,0.0
1,高,高,中,高,高,0.6059467396849482,0.6049027455083932,0.6413819464981755,1.0
1,低,低,低,低,低,0.12501450002240394,0.12501450002240394,0.16369605683781224,0.0
1,低,低,低,低,低,0.12549165204343288,0.12549165204343288,0.15954912275837066,0.0
1,中,中,中,中,中,0.31945514092582944,0.3178804295422317,0.2578364589148952,0.0
1,中,中,中,低,中,0.2231479418338885,0.2231479418338885,0.1787600138797716,0.05
1,高,中,中,中,中,0.30266846147622195,0.2996258103343585,0.41285984470153264,0.25
1,高,中,中,中,高,0.46896439079546987,0.46896439079546987,0.34268513733421385,0.58
1,高,中,中,中,高,0.3189371727924813,0.32412888113890803,0.20196223559832444,0.41
1,高,高,中,高,高,0.6110809331615312,0.6084211514207891,0.6261457809284093,1.0
1,低,低,低,低,低,0.12007525781934134,0.12007525781934134,0.16106187959259965,0.0
1,中,中,中,中,高,0.31968886114285944,0.3213927027760111,0.23910578770357022,0.48
1,低,低,低,低,低,0.12892513782132067,0.12892513782132067,0.1612648704154383,0.0
1,中,中,中,中,中,0.26655069151917976,0.26655069151917976,0.24253572493002334,0.0
1,高,高,中,高,高,0.5392657787471079,0.535030254736289,0.5910669712412018,1.0
1,中,中,中,中,中,0.298172362340092,0.2980373166258204,0.30318777815424885,0.0
1,高,高,中,高,高,0.5973212445158725,0.5961588266924205,0.6285993894314326,1.0
1,低,低,低,低,低,0.13423078688526113,0.13423078688526113,0.15776756659983943,0.0
1,中,中,中,中,中,0.39052859178185345,0.3930372832439677,0.338267880569625,0.0
1,高,高,中,高,高,0.585743261702544,0.5842366387623071,0.5657580655072375,1.0
1,中,中,中,中,中,0.3313304037430623,0.3313304037430623,0.30813306900260784,0.0
1,低,低,低,低,低,0.12018533668103573,0.12018533668103573,0.15747404514831564,0.0
1,低,低,低,低,低,0.12033998543760067,0.12033998543760067,0.1571841939766048,0.0
1,低,低,低,低,低,0.12356312226405919,0.12356312226405919,0.15203304508620563,0.0
1,中,中,中,中,中,0.3988193598580643,0.3988193598580643,0.2941291642936865,0.37
1,低,低,低,低,低,0.12052809111566029,0.12052809111566029,0.15989678136613047,0.0
1,高,高,中,高,高,0.5980555196860728,0.59684931996758,0.6279079473970244,1.0
1,高,高,中,高,高,0.5924768609668165,0.591163392263576,0.6225016489795696,1.0
1,中,中,中,中,中,0.2856954061611766,0.28696560950353917,0.24723804247576023,0.0
1,高,高,高,高,高,0.6171865422920036,0.6181515386649847,0.573407283061201,1.0
1,低,低,低,低,低,0.13583707238319065,0.13583707238319065,0.16344468278156052,0.0
1,低,低,低,低,低,0.13776038953455397,0.13776038953455397,0.16024022861423007,0.0
1,高,高,中,高,高,0.5046946733044934,0.5011934340616132,0.5867741509957175,0.99
1,低,低,低,低,低,0.12908576248748835,0.12908576248748835,0.1620405739556548,0.0
1,高,高,中,高,高,0.5331838555886091,0.532531746729941,0.5666195638398699,1.0
1,低,中,中,中,高,0.3707478217118021,0.3605375233771037,0.38028721829157996,0.41
1,中,中,中,中,中,0.3514053057881745,0.3514053057881745,0.30133189399886096,0.0
1,低,低,低,低,低,0.12081229511053629,0.12081229511053629,0.1623413891723952,0.0
1,高,高,中,高,高,0.586422312645391,0.5819089647918186,0.6254111920777247,1.0
1,低,低,低,低,低,0.11908996869000517,0.11908996869000517,0.15385611702138136,0.0
1,中,中,中,中,中,0.3053676608834625,0.30327044835096184,0.2328460239538004,0.0
1,高,高,中,高,高,0.598241070087158,0.5949970862361048,0.5918793808889153,1.0
1,高,高,高,高,高,0.6278066192861916,0.6263956427169816,0.6331507375629902,1.0
1,高,高,中,高,高,0.5334317196808884,0.5322384298071715,0.5776616283492806,1.0
1,中,中,中,中,高,0.4121930712419573,0.42401888960873346,0.39592018132008266,0.55
1,低,低,低,低,低,0.11925396284545443,0.11925396284545443,0.15884890928662565,0.0
1,中,中,中,中,中,0.2644510055846937,0.2644510055846937,0.2334731713207083,0.0
1,中,中,中,中,中,0.29777088147736325,0.29777088147736325,0.22328479932324416,0.0
1,低,低,低,低,低,0.1215511395897795,0.1215511395897795,0.15958682885327624,0.0
1,低,低,低,低,低,0.13686619977954564,0.13686619977954564,0.14616642919879777,0.0
1,高,中,中,中,中,0.34273116723839137,0.34273116723839137,0.39770933970204914,0.31
1,低,低,低,低,低,0.12772121771445266,0.12772121771445266,0.1491238172054311,0.0
1,低,低,低,低,低,0.1211270135058723,0.1211270135058723,0.16163382995920078,0.0
1,高,中,中,中,低,0.37115902934111905,0.3781631289358443,0.30968257443258745,0.23
1,中,中,中,中,中,0.3628687295604627,0.3628687295604627,0.27740836061088614,0.0
1,高,中,中,中,中,0.2644399555423258,0.2599489547280024,0.4124539106659162,0.32
1,低,低,低,低,低,0.1348754030193244,0.1348754030193244,0.15258827663376612,0.0
1,低,中,中,中,低,0.2954350773094319,0.2946007616409495,0.3012489873682625,0.21
1,中,中,中,中,中,0.3549191985877619,0.3597668771998156,0.321264880356326,0.0
1,中,中,中,中,中,0.25004239590724636,0.24804156862727247,0.2369254358284547,0.0
1,高,高,中,高,高,0.5727688807343271,0.5707041489845671,0.6128558835968945,1.0
1,低,低,低,低,低,0.11894964181835707,0.11894964181835707,0.15805612599802235,0.0
1,低,低,低,低,低,0.12179128876640269,0.12179128876640269,0.16324720526388195,0.0
1,高,高,中,高,高,0.5980949192965725,0.594211265345465,0.6328321290726937,1.0
1,高,中,中,中,高,0.3197433258313551,0.3197433258313551,0.41977011374543116,0.36
1,中,中,中,中,中,0.32590314606256127,0.3239087140587984,0.2747131832030787,0.0
1,低,低,低,低,低,0.12967391068261427,0.12967391068261427,0.15998976946827786,0.0
1,高,高,中,高,高,0.5861607606572443,0.585731587128182,0.5993547819051902,1.0
1,中,中,中,中,中,0.31789750282136064,0.31621312996670314,0.252704095426193,0.0
1,高,中,中,中,低,0.23787372782327548,0.23787372782327548,0.20621413389253812,0.27
1,高,中,中,中,高,0.3534831637936744,0.3383125553655221,0.4831830706667811,0.47
1,中,中,中,中,中,0.330009861245057,0.330009861245057,0.29014722323767156,0.0
1,中,中,中,中,中,0.29053099421664524,0.2919617149842098,0.23228743516113856,0.0
1,高,高,中,高,高,0.5635101693293826,0.5594075107200575,0.6215278687005596,1.0
1,低,低,低,低,低,0.135329228295307,0.135329228295307,0.1606694899520888,0.0
1,高,高,中,中,高,0.4937301273063442,0.5024516522126307,0.40436149850354125,0.51
1,低,中,中,低,高,0.40249983237341697,0.40249983237341697,0.20350620681844486,0.46
1,低,低,低,低,低,0.11880945744860341,0.11880945744860341,0.15689966933210703,0.0
1,低,低,低,低,低,0.12337110885435487,0.12337110885435487,0.1594562591510426,0.0
1,中,中,中,中,中,0.2833800743146701,0.2833800743146701,0.25438315016364366,0.0
1,低,低,低,低,低,0.12341225117506399,0.12341225117506399,0.15093822525295636,0.0
1,中,中,中,中,中,0.2542548744146914,0.2542548744146914,0.22072919445477912,0.0
1,中,中,中,中,中,0.2425102391429152,0.23931955077021735,0.25386442180251156,0.0
1,高,高,中,高,高,0.56797778360455,0.5692572276695228,0.603909367314628,1.0
1,低,低,低,低,低,0.13824141307643698,0.13824141307643698,0.14620043616427572,0.0
1,低,低,低,低,低,0.12436193623972734,0.12436193623972734,0.16315852406579634,0.0
1,中,高,中,高,高,0.597136307097369,0.5914982150417933,0.61900542719981,0.54
1,高,中,中,中,低,0.31430007513473174,0.31674601441337363,0.3193826090580517,0.24
1,中,中,中,中,中,0.32421854008218826,0.32564162009791364,0.28067962721802964,0.0
1,高,中,中,中,低,0.365175238983584,0.365175238983584,0.2869526135459451,0.26
1,高,中,中,高,低,0.3938166984934168,0.39319936266631983,0.503516221943436,0.26
2,中,中,中,中,中,0.30272062487298007,0.299444994113654,0.27966973632407766,0.0
2,中,中,中,中,高,0.5513031978220099,0.5513031978220099,0.5351197597241515,0.74
2,高,中,中,中,中,0.42969400305548316,0.4270604911893538,0.32015032113803665,0.39
2,中,中,中,中,中,0.27352423683419635,0.27113910805785074,0.2735157754822791,0.0
2,低,低,低,低,低,0.12843650505236057,0.12843650505236057,0.14030676330913766,0.0
2,低,低,低,低,低,0.12803151645330677,0.12803151645330677,0.12310579426063115,0.0
2,高,高,中,高,高,0.5982159451523856,0.595662565672316,0.6502445580285641,1.0
2,低,低,低,低,低,0.12655967879531732,0.12655967879531732,0.12303781905210298,0.0
2,低,低,低,低,低,0.12968673189235458,0.12968673189235458,0.12998424041132778,0.0
2,高,高,中,高,高,0.5839704063981145,0.5837180666610584,0.5657315872737781,1.0
2,中,中,中,中,中,0.2947100055448221,0.2907908603836721,0.2901546064670814,0.0
2,高,高,中,高,高,0.5966014888236159,0.5928508716591981,0.6474190962346771,1.0
2,高,高,中,高,高,0.6190049648080065,0.618944748056842,0.6283115504512189,1.0
2,低,低,低,低,低,0.121368607271038,0.121368607271038,0.12311242782981893,0.0
2,中,中,中,中,中,0.28710965891852375,0.28518108493869404,0.20903907021701876,0.0
2,中,中,中,中,中,0.26276810625446584,0.26010898607481964,0.2462584488445182,0.0
2,中,中,中,中,中,0.27584459975198844,0.2720495136417038,0.3067760424122255,0.13
2,高,高,高,高,高,0.6368918283087135,0.6359347097309823,0.643282011827219,1.0
2,中,中,中,中,中,0.45273839516262054,0.45273839516262054,0.26855078533208737,0.41
2,低,中,中,中,中,0.4769621803068265,0.47548033948561563,0.33232033871075767,0.32
2,低,低,低,低,低,0.12174667761006243,0.12174667761006243,0.12359182489573457,0.0
2,高,高,中,高,高,0.600300951732975,0.6013448240883346,0.6350127728373556,1.0
2,高,高,中,高,高,0.5589944207023401,0.5574850111115719,0.5595134783533116,1.0
2,高,高,中,高,高,0.5681185208621378,0.5649496676496789,0.6150366745321797,1.0
2,中,中,中,中,中,0.2896075511628091,0.2896075511628091,0.24877313693611963,0.0
2,中,中,中,中,高,0.31231447781347765,0.30803760399184305,0.24030973314196283,0.49
2,高,高,中,高,高,0.6016592598891397,0.6001378596831408,0.6011184890848887,1.0
2,中,中,中,中,中,0.2803125530181402,0.2803125530181402,0.2935704715950979,0.0
2,高,高,中,高,高,0.5812514661916847,0.5827317416974543,0.585810983183867,1.0
2,低,低,低,低,低,0.12896215800628713,0.12896215800628713,0.1367998518809709,0.0
2,低,低,低,低,低,0.13109982008832677,0.13109982008832677,0.12963593719988042,0.0
2,低,低,低,低,低,0.13181074961566683,0.13181074961566683,0.12698047540960022,0.0
2,高,高,中,高,高,0.5883611689489778,0.5845922616685056,0.6403593652191186,1.0
2,中,中,中,低,低,0.22247694300656243,0.22247694300656243,0.18414539427496662,0.36
2,低,中,中,中,高,0.4676911693401628,0.4676911693401628,0.3060717184470135,0.45
2,低,低,低,低,低,0.12426888663396814,0.12426888663396814,0.12315619389296698,0.0
2,高,中,中,中,高,0.3170544928346929,0.3170544928346929,0.28380947224145453,0.49
2,高,高,中,高,高,0.5820128973848098,0.5796007728648137,0.6362630089620327,1.0
2,高,高,中,高,高,0.5662277527393929,0.5671137301591371,0.5755980028324741,1.0
2,中,中,中,中,中,0.34673150222420185,0.3432071465611821,0.3231065042526381,0.0
2,高,高,中,高,高,0.5880754259600911,0.5918520702453074,0.5175881585345912,0.96
2,高,高,中,高,高,0.5712183282295856,0.5713957158373516,0.6083799148575147,1.0
2,中,中,中,中,中,0.3086630771001503,0.3029118142249301,0.31985309423521285,0.0
2,中,中,中,中,中,0.2656978854893427,0.2656978854893427,0.2142778257208458,0.0
2,中,中,中,中,高,0.39897980916118075,0.39897980916118075,0.2684849155214003,0.45
2,高,高,中,高,高,0.5994769820627772,0.5976854150457761,0.649876227623376,1.0
2,高,中,中,中,中,0.3137521841042285,0.3137521841042285,0.27990839142933877,0.1
2,中,中,中,中,中,0.30512551615326816,0.30512551615326816,0.2244445253849776,0.0
2,低,中,低,中,低,0.2074453857375288,0.20287211905686992,0.1880479453747654,0.35
2,低,低,低,低,低,0.14284368857859578,0.14284368857859578,0.1206781241613287,0.0
2,低,低,低,低,低,0.12602609896216796,0.12602609896216796,0.13045924575262652,0.0
2,高,高,中,高,高,0.6082303363081777,0.6081609507860832,0.6080456561724252,1.0
2,低,低,低,低,低,0.13128243008043256,0.13128243008043256,0.13031947590306114,0.0
2,低,低,低,低,低,0.1480808118518691,0.1480808118518691,0.122215007339027,0.0
2,低,低,低,低,低,0.12515311523949765,0.12515311523949765,0.13087888861136082,0.0
2,高,中,中,中,中,0.31685979114873575,0.31685979114873575,0.23202002908043343,0.19
2,低,低,低,低,低,0.12910374096811406,0.12910374096811406,0.11999354623299913,0.0
2,中,中,中,中,中,0.24417427070969316,0.24417427070969316,0.19798733728251067,0.0
2,中,中,中,中,中,0.3029527805771757,0.2985031504040064,0.2463495765173691,0.0
2,中,中,中,中,中,0.242524648186772,0.242524648186772,0.2523461751845389,0.0
2,低,中,低,中,低,0.20935191561974273,0.20718333019823965,0.18937884763970636,0.19
2,低,低,低,低,低,0.1347884584699213,0.1347884584699213,0.12820648252501787,0.0
2,低,低,低,低,低,0.12720581470429126,0.12720581470429126,0.13466153160478908,0.0
2,中,中,中,中,中,0.22619229315637207,0.22619229315637207,0.22709999706350756,0.0
2,低,低,低,低,低,0.13247784843539623,0.13247784843539623,0.136257968955072,0.0
2,中,中,中,中,中,0.29045421906988866,0.2892430726338795,0.2416418616206395,0.02
2,高,高,中,高,高,0.5629474086291982,0.5614664084185766,0.6439880364167541,1.0
2,高,中,中,中,中,0.33388998574497714,0.33388998574497714,0.23655898816849374,0.28
2,高,高,中,高,高,0.5893312863474275,0.5892553628964147,0.5677647655003055,1.0
2,高,高,中,高,高,0.5959265480181816,0.5930969164081656,0.618186212129091,1.0
2,中,中,中,中,中,0.24138551372686987,0.24138551372686987,0.21462609325190984,0.0
2,高,高,中,高,高,0.5916826747926336,0.5929060064624351,0.613290266423107,1.0
2,高,高,中,高,高,0.5726719791126287,0.5722633435332785,0.6094755681857527,1.0
2,中,中,中,中,中,0.23434086188830025,0.2286982627078489,0.22401477088480581,0.0
2,低,中,中,中,高,0.514237103480214,0.514237103480214,0.6065984767478884,0.44
2,低,低,低,低,低,0.12198799985087441,0.12198799985087441,0.11972955323338975,0.0
2,中,中,中,中,中,0.27451069734621814,0.27451069734621814,0.24876993284939494,0.0
2,低,低,低,低,低,0.13167287449453177,0.13167287449453177,0.12522062351222082,0.0
2,中,中,中,中,中,0.2844983263883268,0.2844983263883268,0.24759357520612438,0.0
2,低,低,低,低,低,0.127194586555516,0.127194586555516,0.1347241616909466,0.0
2,中,中,中,中,中,0.24766382120577704,0.24766382120577704,0.20200105835248716,0.0
2,低,低,低,低,低,0.12560038228416834,0.12560038228416834,0.12923173640592425,0.0
2,高,中,中,中,高,0.42780888795245503,0.42780888795245503,0.2257834342310414,0.38
2,中,中,中,中,中,0.2778252101362587,0.2749266873584033,0.2248102162557398,0.0
2,低,低,低,低,低,0.12993198503653935,0.12993198503653935,0.12805272687088437,0.0
2,中,中,中,中,中,0.21759386545206105,0.21759386545206105,0.24549990699571494,0.0
2,中,中,中,中,高,0.5343834002344827,0.5343834002344827,0.5172506707528352,0.37
2,中,中,中,中,中,0.2524122504454486,0.2524122504454486,0.21712069752202579,0.0
2,高,高,高,高,高,0.6244535635693512,0.6222376388958091,0.6529365523808663,1.0
2,低,低,低,低,低,0.12585434723052208,0.12585434723052208,0.13283232993942146,0.0
2,高,高,中,高,高,0.6150997890938117,0.6142973107113264,0.6412618995504056,1.0
2,低,低,低,低,低,0.12780961326736795,0.12780961326736795,0.12741017897468626,0.0
2,低,低,低,低,低,0.12281680816941135,0.12281680816941135,0.12300092170138098,0.0
2,中,中,中,中,中,0.3200454825702796,0.3200454825702796,0.270361755674244,0.0
2,中,中,中,中,中,0.30053772017719643,0.3008799528072025,0.25776957546346446,0.0
2,低,低,低,低,低,0.12698873687672613,0.12698873687672613,0.12700896918042293,0.0
2,中,中,中,中,中,0.2717422020210913,0.2717422020210913,0.23260105030492617,0.0
2,高,高,高,高,高,0.6366660225225389,0.6352304638981123,0.6521112203115926,1.0
2,中,中,中,中,中,0.2599119389977628,0.2557039005881251,0.2382611529432186,0.0
2,高,高,高,高,高,0.6327587756223654,0.6324523992400759,0.664386574358979,1.0
2,高,高,中,高,高,0.5965731376267864,0.5954027609096463,0.5789526509523089,1.0
2,高,高,中,高,高,0.6080781320259699,0.6088710183852146,0.5888213696218195,1.0
2,低,中,中,中,高,0.35803293799573377,0.35803293799573377,0.213786832532879,0.59
2,高,高,中,高,高,0.5939249374488812,0.5931964113111983,0.6042683203611169,1.0
2,低,低,低,低,低,0.1231190729688497,0.1231190729688497,0.1215210490029969,0.0
2,高,高,中,高,高,0.6004048701575325,0.5972802946043253,0.6355058618030706,1.0
2,高,高,中,高,高,0.5623330856918702,0.5648854346422131,0.5068141156392326,0.98
2,中,中,中,中,中,0.30993702671520723,0.30518109549571765,0.2801533086178979,0.0
2,低,中,中,中,低,0.4332206063917092,0.4332206063917092,0.3591577566300151,0.35
2,低,低,低,低,低,0.1218297193815141,0.1218297193815141,0.11779090281722081,0.0
3,高,高,高,高,高,0.6331658340672758,0.6311722045407067,0.6411750077148121,1.0
3,高,高,中,高,高,0.5322282233010283,0.5304727143411343,0.577352265928073,1.0
3,中,中,中,中,中,0.2601480896569079,0.2601480896569079,0.21774201328124668,0.0
3,低,低,低,低,低,0.12257448176238982,0.12257448176238982,0.16802944619141605,0.0
3,高,高,中,高,高,0.5857507017434884,0.5834932001628148,0.6077450547220065,1.0
3,高,高,中,高,高,0.5636566271343108,0.5605977304526892,0.6112336832566235,1.0
3,低,低,低,低,低,0.13280533830085609,0.13280533830085609,0.17226450578612906,0.0
3,低,低,低,低,低,0.12648370456968536,0.12648370456968536,0.15987981423213532,0.0
3,低,低,低,低,低,0.13977880622379282,0.13977880622379282,0.15245492574899616,0.0
3,低,低,低,低,低,0.13738492002196467,0.13738492002196467,0.1422790382473463,0.0
3,高,高,中,高,高,0.5588178270870664,0.5547909366965986,0.6116433934795596,1.0
3,中,中,中,中,中,0.35660470242605435,0.35767343251925005,0.29007676836735785,0.0
3,高,高,中,高,高,0.5573152612022775,0.5535268054869098,0.5884888076508525,1.0
3,中,中,中,中,中,0.29335524201944563,0.29335524201944563,0.2616095235592622,0.0
3,低,低,低,低,低,0.1283311725345191,0.1283311725345191,0.16985387698758028,0.0
3,中,中,中,中,中,0.3037812759860672,0.3017823864798334,0.24617546979983115,0.0
3,高,中,中,中,低,0.2617475681111575,0.2617475681111575,0.42215815646750265,0.38
3,低,低,低,低,低,0.1268630504915928,0.1268630504915928,0.16605948075167215,0.0
3,低,低,低,低,低,0.12462602790194241,0.12462602790194241,0.1616930224213861,0.0
3,中,中,中,中,中,0.3456600818645893,0.3456600818645893,0.32737594702569967,0.0
3,低,低,低,低,低,0.1291707353938568,0.1291707353938568,0.16135091146519534,0.0
3,中,中,中,中,中,0.2650492613006621,0.2635876484088572,0.2522063344729688,0.0
3,高,低,低,中,低,0.17918077825141449,0.17918077825141449,0.26411603837006686,0.35
3,中,中,中,中,中,0.286699042877819,0.286699042877819,0.24114682690641764,0.0
3,中,中,中,中,中,0.3123989004942589,0.3123989004942589,0.3217581929565641,0.0
3,中,中,中,低,中,0.22097873690857292,0.22097873690857292,0.1690569236648378,0.34
3,中,中,中,中,中,0.23098051131809463,0.231740048758796,0.21959560307185566,0.0
3,高,高,中,高,高,0.5747970668581796,0.5766673544346095,0.5970111799645781,1.0
3,低,低,低,低,低,0.12321532654212354,0.12321532654212354,0.1577094638005669,0.0
3,中,中,中,中,中,0.31885598923187053,0.3250671331062841,0.2859655090540788,0.0
3,高,中,中,中,低,0.3912613323767756,0.3912613323767756,0.34205836169263243,0.33
3,低,低,低,低,低,0.1341493516796923,0.1341493516796923,0.15787042596335918,0.0
3,低,低,低,低,低,0.13248918339430413,0.13248918339430413,0.16377447695499975,0.0
3,中,中,中,中,低,0.3353682216966617,0.3318018973183816,0.35558310991842135,0.35
3,低,低,低,低,低,0.12546454923021635,0.12546454923021635,0.15739420648148247,0.0
3,低,低,低,低,低,0.1164891811032113,0.1164891811032113,0.1545559893359542,0.0
3,高,高,高,高,高,0.6266655623684423,0.6276524303213417,0.6222250395745866,1.0
3,中,中,中,中,中,0.2699919213928995,0.26921210545733665,0.21880065025992684,0.0
3,低,低,低,低,低,0.13170474561272802,0.13170474561272802,0.16516470985773637,0.0
3,中,中,中,中,低,0.25111119438612156,0.25111119438612156,0.34410828200490684,0.37
3,高,高,中,高,高,0.5935057694879937,0.595532822409871,0.6145529196540634,1.0
3,高,高,中,高,高,0.5793702526198767,0.5776379354880318,0.5922025019887893,1.0
3,低,低,低,低,低,0.12368303191223375,0.12368303191223375,0.15145110627239916,0.0
3,高,高,中,高,高,0.6044042029962351,0.6041974294578366,0.6019983965665309,1.0
3,低,低,低,低,低,0.1299900816640325,0.1299900816640325,0.15954121421981055,0.0
3,中,中,中,中,中,0.33276766922936973,0.33276766922936973,0.32321347090450886,0.0
3,中,中,中,中,中,0.30670567637393786,0.30670567637393786,0.26518984761851144,0.0
3,高,高,中,高,高,0.5930519883939062,0.5919876136549392,0.6062718330303586,1.0
3,低,低,低,低,低,0.134958103857343,0.134958103857343,0.17051519186893538,0.0
3,低,低,低,低,低,0.12365469710535255,0.12365469710535255,0.15769739347012612,0.0
3,中,中,中,中,中,0.23415493540723126,0.23415493540723126,0.20663808275587398,0.0
3,中,中,中,中,低,0.3369474454307784,0.34983437746678164,0.24981569606312298,0.2
3,低,低,低,低,低,0.12616319507353582,0.12616319507353582,0.15705472800073142,0.0
3,中,中,中,中,低,0.36750251733352085,0.36750251733352085,0.38518595396173666,0.29
3,中,中,中,中,中,0.25899522891343146,0.25918309714301724,0.2769222312443488,0.0
3,高,高,中,高,高,0.54926304040567,0.5499691546624786,0.5645952948682017,1.0
3,低,低,低,中,中,0.15219797294753276,0.15219797294753276,0.20371450403773408,0.25
3,高,高,中,高,高,0.5667123345036512,0.5653838660582897,0.5539994575129601,1.0
3,高,中,中,中,中,0.3882688014900937,0.3882688014900937,0.2534105776681773,0.21
3,低,低,低,低,低,0.1190682204376635,0.1190682204376635,0.1539282064911209,0.0
3,高,高,中,高,高,0.6097620880384221,0.6127330313257849,0.6173939323845022,1.0
3,低,中,中,中,中,0.32934045909537285,0.33788581510328874,0.27585796713789523,0.25
3,中,中,中,中,中,0.24380280459638146,0.24437294220618683,0.2607063417021994,0.0
3,低,低,低,低,低,0.1195402423548003,0.1195402423548003,0.15632192460103844,0.0
3,中,中,中,中,中,0.26773589632248757,0.26803074813228905,0.20701936994218226,0.0
3,中,中,中,中,中,0.24443819883644727,0.24443819883644727,0.20017868589361162,0.0
3,中,中,中,中,中,0.2650830460470791,0.2643291820586807,0.2405611957681359,0.0
3,低,低,低,低,低,0.12403989722776586,0.12403989722776586,0.16397564258903577,0.0
3,低,中,中,中,中,0.306057166307332,0.3122797036376475,0.3011478002010871,0.25
3,中,中,中,中,中,0.3236984131351575,0.3236984131351575,0.2727206202724686,0.0
3,高,中,中,中,高,0.5450583319958504,0.5450583319958504,0.3608806233783032,0.42
3,高,高,中,高,高,0.6031930029293411,0.6026810038489789,0.6180273789336177,1.0
3,中,中,中,中,中,0.31709566220087215,0.31966656679933203,0.28221631303503064,0.0
3,高,高,中,高,高,0.551065732950337,0.5477322492735005,0.5740749863860785,1.0
3,高,高,中,高,高,0.5705890881373268,0.565893293691705,0.5869053916609516,1.0
3,高,高,中,高,高,0.5580647231128419,0.5576760300154275,0.5967114266915372,1.0
3,高,中,中,中,低,0.26107260752459277,0.26107260752459277,0.30507177011010833,0.23
3,中,中,中,中,中,0.2514330609173386,0.2514330609173386,0.2379291149044284,0.0
3,高,高,高,高,高,0.6375598647403425,0.6360815052952052,0.6452579545088527,1.0
3,中,中,中,中,中,0.28996408083579006,0.28996408083579006,0.2909690985347569,0.0
3,低,低,低,低,低,0.12573126047680633,0.12573126047680633,0.16303092985693504,0.0
3,低,低,低,低,低,0.12808203484542466,0.12808203484542466,0.15775871602732547,0.0
3,高,高,中,高,高,0.6095816608991833,0.6110304015994579,0.5802454530603436,1.0
3,低,低,低,低,低,0.12746866562228962,0.12746866562228962,0.15130575452249279,0.0
3,中,中,中,中,中,0.2536910270428862,0.2536910270428862,0.225495326408224,0.0
3,高,高,中,高,高,0.597275211330049,0.5947362060105573,0.6067470202460523,1.0
3,低,中,中,中,中,0.3940316917826879,0.3940316917826879,0.35262766851203964,0.3
3,中,中,中,中,中,0.32420972363863265,0.32808440383634196,0.2672107452151756,0.0
3,高,高,中,高,高,0.5865611064638376,0.5844335726560256,0.5947485979701645,1.0
3,中,中,中,中,中,0.31332556758203606,0.31332556758203606,0.2768319804204423,0.02
3,高,中,中,中,中,0.29466641507139046,0.29466641507139046,0.2610201276978014,0.17
3,低,低,低,低,低,0.12930067896463152,0.12930067896463152,0.1545954901209473,0.0
3,中,中,中,中,中,0.24547350934715872,0.24547350934715872,0.20542766297325993,0.0
3,高,高,中,高,高,0.5885117857230343,0.5900298330157155,0.6181158983861332,1.0
3,高,中,中,中,高,0.22160718422169082,0.22160718422169082,0.3056874946349931,0.63
3,高,高,中,高,高,0.5492364129818502,0.5477865656027996,0.6069902023088047,1.0
3,低,低,低,低,低,0.16442947624669527,0.16442947624669527,0.15880928678642867,0.18
3,低,中,中,中,中,0.2424105842847318,0.2424105842847318,0.24882359037196403,0.26
3,低,低,低,低,低,0.12431832959904197,0.12431832959904197,0.15937999858792326,0.0
3,高,高,中,高,高,0.6019083588217365,0.6002854777167516,0.6048257211849699,1.0
3,高,高,中,高,高,0.5984658357705855,0.5967504731573844,0.613657201438908,0.99
3,低,低,低,低,低,0.12467988088785348,0.12467988088785348,0.1687390975727672,0.0
3,高,高,中,高,高,0.5896835961527703,0.5889397958979146,0.5996739444200944,1.0
3,低,低,低,低,低,0.13967905660899377,0.13967905660899377,0.14384267668057463,0.0
3,中,中,中,中,中,0.26049892430881,0.26000626574201247,0.2008868376736406,0.0
3,中,中,中,中,中,0.283000700260482,0.283000700260482,0.23806439450203962,0.0
3,中,中,中,中,中,0.275506984349445,0.2726561064002493,0.28771923904167235,0.0
3,高,低,低,中,低,0.17774235397395385,0.17774235397395385,0.24902558618924328,0.35
3,中,中,中,中,中,0.36423653678069134,0.36423653678069134,0.3140770229803801,0.0
3,低,低,低,低,低,0.12805485195853544,0.12805485195853544,0.15417480625546842,0.0
4,高,高,中,高,高,0.5742816305834296,0.573221707182423,0.6103566946849504,1.0
4,低,低,低,低,低,0.12731779017291905,0.12731779017291905,0.16513634855217377,0.0
4,中,中,中,中,高,0.2598589032203096,0.2598589032203096,0.3049222168742535,0.45
4,低,低,低,低,低,0.12735657726083227,0.12735657726083227,0.1670685296777736,0.0
4,中,中,中,中,中,0.33999091443798,0.33999091443798,0.30917383650565927,0.0
4,中,中,中,中,中,0.28936095722895144,0.28936095722895144,0.24033536040724718,0.0
4,中,中,中,中,低,0.2876868107596741,0.2823198396160153,0.3131403710177592,0.31
4,中,中,中,中,中,0.27742315411096025,0.27742315411096025,0.20539874589994028,0.0
4,高,高,中,高,高,0.5601527984072268,0.5594023532998895,0.5669696094530519,1.0
4,低,低,低,低,低,0.12823154936450182,0.12823154936450182,0.15920129710279102,0.0
4,低,低,低,低,低,0.1217584604730973,0.1217584604730973,0.15479726385005627,0.0
4,中,中,中,中,中,0.24799091550586036,0.24799091550586036,0.2440841279765124,0.0
4,低,低,低,低,低,0.12113250206611985,0.12113250206611985,0.15826636343870698,0.0
4,低,中,中,中,高,0.21408351793390437,0.21408351793390437,0.2626697385407584,0.43
4,中,中,中,中,中,0.24629064891484595,0.24629064891484595,0.24490205908501306,0.0
4,高,高,中,高,高,0.589224310508257,0.5902082259812684,0.5929721036968376,1.0
4,中,中,中,中,中,0.31566854963250496,0.31719180027804106,0.2808283023726283,0.0
4,低,低,低,低,低,0.1247748331006465,0.1247748331006465,0.15476533687486596,0.0
4,低,低,低,低,低,0.12189525114442808,0.12189525114442808,0.15539013689701694,0.0
4,高,高,中,高,高,0.6133265087972358,0.6114783253587761,0.6234450257963442,1.0
4,中,中,中,中,中,0.2591354863589779,0.25870230336259,0.23052734842922745,0.0
4,低,低,低,低,低,0.12264579938057509,0.12264579938057509,0.1583877453272489,0.0
4,低,低,低,低,低,0.13244036983815968,0.13244036983815968,0.14963603356843805,0.0
4,低,低,低,低,低,0.13486375728730401,0.13486375728730401,0.1584608519046043,0.0
4,中,中,中,中,中,0.2787011753358917,0.2789474327933709,0.2812409269833696,0.0
4,中,中,中,中,中,0.2910843685865012,0.2910843685865012,0.22220324268059113,0.0
4,中,中,中,中,中,0.3354480309327424,0.3377846818271646,0.2838753229168317,0.0
4,低,低,低,低,低,0.13051583395770072,0.13051583395770072,0.1509876315082541,0.0
4,高,高,中,高,高,0.5927315056155346,0.5906040473405055,0.6100299663399837,1.0
4,低,中,中,中,低,0.3821823730561127,0.3821823730561127,0.3861504046852535,0.18
4,中,中,中,中,中,0.2580141361268009,0.2580141361268009,0.24403514798104758,0.0
4,低,低,低,低,低,0.13253997157151592,0.13253997157151592,0.15732937415959822,0.0
4,低,低,低,低,低,0.12517827999534348,0.12517827999534348,0.15849360419660416,0.0
4,高,高,中,高,高,0.5265969838797853,0.5255013016021354,0.5579285746572229,1.0
4,低,中,中,中,高,0.32821289920374136,0.3278107920130596,0.3051354851981634,0.59
4,中,中,中,中,中,0.26461294621625087,0.26461294621625087,0.2278432407413205,0.0
4,中,中,中,中,中,0.25599577051991335,0.25599577051991335,0.20798898699893273,0.0
4,高,中,中,中,低,0.3610272468938121,0.3610272468938121,0.36093154144484924,0.24
4,低,中,中,中,高,0.3029470245279716,0.303644884245247,0.2608256086956218,0.44
4,高,中,中,中,高,0.26084514381766166,0.2533684967915387,0.37570584743644825,0.42
4,低,低,低,低,低,0.12670633591570654,0.12670633591570654,0.1617565481858732,0.0
4,低,低,低,低,低,0.13495675855660066,0.13495675855660066,0.16074961240575494,0.0
4,中,低,低,中,中,0.19883318063452513,0.19883318063452513,0.22307556908221013,0.18
4,高,高,中,高,高,0.5851882493055939,0.5874704797448226,0.5502108005559291,1.0
4,低,中,中,低,中,0.2718837112214287,0.2718837112214287,0.14661861121548614,0.23
4,高,高,中,高,高,0.5932363003395477,0.5915344876954453,0.5912625718773686,1.0
4,中,中,中,中,中,0.28950016344273866,0.28950016344273866,0.233846733593384,0.0
4,中,中,中,中,高,0.29572026381401767,0.29572026381401767,0.2478272248973884,0.48
4,高,高,中,高,高,0.5988025401707913,0.5971168043108684,0.6130084930931038,1.0
4,高,高,中,高,高,0.5487881545961449,0.5484516602051992,0.5296601013964893,1.0
4,低,中,中,中,低,0.37892890718387345,0.37696656452058286,0.34399978543657894,0.28
4,低,低,低,低,低,0.13014019411380065,0.13014019411380065,0.16420259269822646,0.0
4,中,中,中,中,高,0.2254299569750395,0.2254299569750395,0.27342272440048265,0.42
4,高,高,中,高,高,0.559694764865195,0.557883129092956,0.5766786072155927,1.0
4,中,中,中,中,中,0.3347899579807386,0.3376126696953177,0.29547432821535186,0.0
4,低,低,低,低,低,0.12611004342539225,0.12611004342539225,0.16067457590262565,0.0
4,低,低,低,低,低,0.13514592885678056,0.13514592885678056,0.162094941185796,0.0
4,中,中,中,中,中,0.28571191898946063,0.28676438276516764,0.2275515984865841,0.0
4,高,高,中,高,高,0.5743314528898454,0.5720063577017116,0.6161828118226961,1.0
4,中,中,中,中,中,0.2756547053112075,0.27734299499199566,0.237294198213896,0.0
4,高,高,中,高,高,0.5516949487956749,0.5512695132444289,0.5688539693635597,1.0
4,中,中,中,中,中,0.29592895856691026,0.2991785757777974,0.27373915999797205,0.0
4,高,高,中,高,高,0.5981630988788932,0.5988007875628085,0.6096182640998933,1.0
4,中,中,中,中,中,0.2986667374743261,0.2986667374743261,0.26016822331231537,0.0
4,中,中,中,中,中,0.31941950826365534,0.322246891919513,0.25114363761083075,0.0
4,低,低,低,低,低,0.12572828031709402,0.12572828031709402,0.16032700065973265,0.0
4,低,低,低,低,低,0.12057149160064384,0.12057149160064384,0.15620272942583022,0.0
4,中,中,中,中,中,0.37438118892998845,0.3803151074167558,0.29566064786758184,0.0
4,高,高,中,高,高,0.5980735477105337,0.5968455019496942,0.6180516243882701,1.0
4,中,中,中,中,中,0.33361377503620304,0.33361377503620304,0.2616194353839539,0.0
4,低,低,低,低,低,0.12572335417256983,0.12572335417256983,0.161174376456718,0.0
4,低,低,低,低,低,0.12506619227608612,0.12506619227608612,0.15544106897522517,0.0
4,中,中,中,中,中,0.27475006891884124,0.27465687386613313,0.23730538873279558,0.0
4,高,高,高,高,高,0.6298966116528907,0.6306162711775538,0.60639322707595,1.0
4,高,高,中,高,高,0.6013785972574646,0.5983738498525442,0.6379233909978633,1.0
4,高,高,中,高,高,0.5237952500722001,0.5229409884745996,0.5514595806196442,1.0
4,中,中,中,中,中,0.3268397593220785,0.3268397593220785,0.30601605521123637,0.0
4,高,高,中,高,高,0.5505748530549853,0.5472958916558056,0.6055486013310495,0.97
4,中,中,中,中,中,0.3794435641781216,0.3794435641781216,0.27944664717239714,0.0
4,高,高,中,高,高,0.5734368714377861,0.5705155139819923,0.6078738103810614,1.0
4,高,高,中,高,高,0.590765581640133,0.5888186462574445,0.6062088233148869,1.0
4,低,低,低,低,低,0.12568164757430925,0.12568164757430925,0.16101895326502802,0.0
4,低,中,中,中,高,0.3348167037236741,0.33269628861149303,0.238193615098149,0.43
4,低,低,低,低,低,0.12446187856616531,0.12446187856616531,0.15970551331216426,0.0
4,中,中,中,中,高,0.30831636563621245,0.30831636563621245,0.4140909968966844,0.51
4,中,中,中,中,中,0.38700123502887024,0.39048021455785076,0.30419762926539956,0.0
4,中,中,中,中,中,0.37108039522367553,0.37108039522367553,0.2931805249436693,0.0
4,低,低,低,低,低,0.13021096832470405,0.13021096832470405,0.15264297447951697,0.0
4,中,中,中,中,中,0.3188076613913966,0.3188076613913966,0.26623750768067417,0.0
4,低,低,低,低,低,0.12370415888194969,0.12370415888194969,0.1567432431776955,0.0
4,高,高,中,高,高,0.5467005418419404,0.5434384570293148,0.5916734234011861,1.0
4,高,高,中,高,高,0.5863904665258539,0.5857606481511758,0.5800532406034263,1.0
4,高,高,中,高,高,0.5902701647047107,0.5885622147372442,0.6147355677216534,1.0
4,高,高,高,高,高,0.6413592750502138,0.6418733784268198,0.6120577914118995,1.0
4,高,高,中,高,高,0.5259077556677746,0.5228861511364286,0.5561615444171271,0.99
4,高,高,中,高,高,0.572117598517275,0.5673634303368822,0.6120512771377752,1.0
4,低,低,低,低,低,0.1274823932499275,0.1274823932499275,0.1551433485466398,0.0
4,高,高,中,高,高,0.5446233674745148,0.5401044430368429,0.5984836359708494,1.0
4,高,中,中,中,低,0.24827063727482976,0.248614675858895,0.22319125795658598,0.28
4,高,高,中,高,高,0.5431879075938103,0.5402357137831232,0.6038359505102382,1.0
4,低,低,低,低,低,0.1309746467639497,0.1309746467639497,0.15737388104534072,0.0
4,高,高,中,高,高,0.5889458842397768,0.5895590094095362,0.5730540232040309,1.0
4,高,高,中,高,高,0.5673825916074,0.5642627653889031,0.6163202948332953,1.0
4,中,中,中,中,低,0.31298189263767373,0.3068886333071401,0.2638899283119634,0.15
4,低,低,低,低,低,0.1320494686271738,0.1320494686271738,0.14689954321144927,0.0
4,中,中,中,中,中,0.2834099754859319,0.2834099754859319,0.2320390087827967,0.0
4,高,高,中,高,高,0.5813805816628925,0.5784036387774536,0.633662235483805,1.0
4,低,低,低,低,低,0.12222480588638317,0.12222480588638317,0.15768097835410583,0.0
4,高,高,中,高,高,0.5762648723295999,0.57503633022407,0.6149204409903211,1.0
4,高,高,中,高,高,0.5872009778156363,0.5864048868449271,0.5705292640144604,1.0
5,高,高,中,高,高,0.519758340845323,0.5213536768410975,0.5333000483516837,0.99
5,低,低,低,低,低,0.13390569064671362,0.13390569064671362,0.14869144914850846,0.0
5,低,低,低,低,低,0.1255236171680622,0.1255236171680622,0.13844504337761637,0.0
5,低,低,低,低,低,0.12826790188767823,0.12826790188767823,0.14402383917155626,0.0
5,低,低,低,低,低,0.1241560153433476,0.1241560153433476,0.1444441816064142,0.0
5,中,中,中,中,中,0.276712091619868,0.2794462073151329,0.241467040824567,0.0
5,中,中,中,中,中,0.26691018335799926,0.2699929764385159,0.23458106746377289,0.0
5,中,中,中,中,中,0.27205823003176743,0.27205823003176743,0.38871473647421845,0.13
5,中,中,中,中,中,0.3002617577205545,0.29492934738537135,0.27841830073760226,0.0
5,高,高,中,高,高,0.567686434785858,0.56619484964398,0.5856293046222038,1.0
5,低,低,低,低,低,0.11986805048186067,0.11986805048186067,0.1410188311785159,0.0
5,高,高,中,高,高,0.5952826391122821,0.5943656549967271,0.6238844369197349,1.0
5,低,低,低,低,低,0.12485799302900319,0.12485799302900319,0.15112419466746557,0.0
5,高,高,中,高,高,0.5980274433747261,0.5986247518230242,0.6004345362016152,1.0
5,高,中,中,低,低,0.2645237788754628,0.2645237788754628,0.16546475208260977,0.36
5,高,高,中,高,高,0.5446430077621469,0.5452193998351625,0.5983275424063044,1.0
5,低,中,中,中,高,0.46280159056841985,0.45486830843951287,0.38885808785675335,0.53
5,低,中,中,中,中,0.39823515025612694,0.3906504786955742,0.3877797015922834,0.2
5,低,低,低,低,低,0.13349355541846364,0.13349355541846364,0.14410434995143875,0.0
5,高,高,中,高,高,0.5875306614324871,0.5864360867048383,0.5944072499491894,1.0
5,低,低,低,低,低,0.1211237312896985,0.1211237312896985,0.13772016355097508,0.0
5,中,中,中,中,中,0.2456987490065582,0.2456987490065582,0.252328136403868,0.0
5,高,高,中,高,高,0.602335081674388,0.6011648002577522,0.5900517907084555,1.0
5,中,中,中,中,中,0.3120724321810865,0.3120724321810865,0.2583108266608082,0.0
5,中,中,中,中,中,0.21762404722300505,0.21762404722300505,0.24770001856261634,0.0
5,中,中,中,中,中,0.33028707862676265,0.3273216951711958,0.30727791400630516,0.0
5,中,中,中,中,中,0.2722300650485892,0.2724189000129805,0.2274125450800129,0.0
5,高,高,中,高,高,0.5914269183648707,0.5886629263281583,0.61252872480588,1.0
5,低,低,低,低,低,0.12433426117885979,0.12433426117885979,0.14177663030135906,0.0
5,低,中,中,中,中,0.271136761317285,0.271136761317285,0.3009194476578421,0.28
5,低,中,中,中,低,0.2823753063655689,0.2787200757071021,0.22957056229451053,0.22
5,中,中,中,中,中,0.3857531113245712,0.3845888640272809,0.32183535627330584,0.34
5,高,高,中,高,高,0.6074774680357896,0.6054901405293548,0.6212119337634576,1.0
5,低,中,中,中,高,0.23651462906791676,0.23219944821715946,0.25077035914443246,0.5
5,高,高,中,高,高,0.5996410130856649,0.5970661358492859,0.6130377907566049,1.0
5,低,低,低,低,低,0.14255513158127214,0.14255513158127214,0.1379029361832977,0.0
5,高,高,中,高,高,0.6057387172621171,0.6050371221786631,0.6442603010187093,1.0
5,中,中,中,中,中,0.26557044840992466,0.2644221695273103,0.23797223715091728,0.0
5,中,中,中,中,中,0.27497498356670236,0.27497498356670236,0.2459101099803214,0.0
5,低,低,低,低,低,0.12131293008392607,0.12131293008392607,0.14929458208860938,0.0
5,中,中,中,中,中,0.32121932825298505,0.3265207711307021,0.3040639602720932,0.0
5,低,低,低,低,低,0.12505731891816882,0.12505731891816882,0.14231574714885759,0.0
5,高,中,中,中,高,0.24720401152234178,0.2449402458490024,0.24360476074961648,0.48
5,中,中,中,中,中,0.3136985103443524,0.3149128408126164,0.30803610562705064,0.0
5,低,低,低,低,低,0.1277903445265952,0.1277903445265952,0.1414110476620059,0.0
5,低,中,中,中,中,0.4440160693095513,0.4440160693095513,0.4883586742187058,0.29
5,中,中,中,中,中,0.2656257627502179,0.2656257627502179,0.2678302222026976,0.0
5,低,低,低,低,低,0.11728331326135953,0.11728331326135953,0.1402444626567059,0.0
5,高,高,中,高,高,0.61521592241847,0.6126408202810943,0.6335884448228173,1.0
5,中,中,中,低,高,0.4053452955966129,0.4053452955966129,0.20837108499499588,0.45
5,中,低,低,低,低,0.14731805401976975,0.14669525205599232,0.16363164494561944,0.11
5,中,中,中,中,中,0.33235378649512587,0.33235378649512587,0.29191110138112675,0.0
5,低,低,低,低,低,0.12178682239352864,0.12178682239352864,0.14110800539870172,0.0
5,中,中,中,中,中,0.27724665675176735,0.27724665675176735,0.21060257740281743,0.0
5,高,中,中,中,中,0.27573096477602105,0.2676004105484416,0.2997628878351128,0.33
5,中,中,中,中,中,0.3596317194478046,0.3596317194478046,0.32928971229237297,0.0
5,低,低,低,低,低,0.1277403616440437,0.1277403616440437,0.15249302771141682,0.0
5,中,中,中,中,中,0.3039191338191199,0.3039191338191199,0.26141185520346244,0.0
5,中,中,中,中,中,0.337557568741304,0.34118606753568165,0.3076106013829218,0.0
5,低,低,低,低,低,0.12339263976032368,0.12339263976032368,0.14397932345875794,0.0
5,低,中,中,中,高,0.3159483592984484,0.3159483592984484,0.21644505003464298,0.6
5,低,低,低,低,低,0.1180177633532996,0.1180177633532996,0.14410974634172494,0.0
5,低,低,低,低,低,0.12561401168555505,0.12561401168555505,0.14542699123237204,0.0
5,中,中,中,中,中,0.3137652939942437,0.3137652939942437,0.2409527781531381,0.0
5,高,高,中,高,高,0.5495249518626962,0.5451062807164213,0.6332989807000362,1.0
5,中,中,中,中,中,0.27880252363137004,0.282431322795818,0.24616330922281793,0.0
5,中,中,中,中,中,0.2942141658361725,0.2942141658361725,0.2796580178913871,0.0
5,低,低,低,低,高,0.21441574762939294,0.21441574762939294,0.17874948506752034,0.54
5,高,高,中,高,高,0.5562257602147062,0.5522477888886765,0.6173120890593177,1.0
5,高,中,中,中,中,0.2923248903006122,0.2923248903006122,0.2838677765874157,0.09
5,中,中,中,低,高,0.31200710783852803,0.31200710783852803,0.18545982391320198,0.45
5,高,高,中,高,高,0.5949302118857119,0.5961633016564075,0.5800660188256742,1.0
5,高,中,中,中,低,0.2295344715359926,0.2295344715359926,0.22307671308626847,0.22
5,高,高,中,高,高,0.6167733417373283,0.614613679588322,0.6351039271885552,1.0
5,中,中,中,中,中,0.28063135632315966,0.28063135632315966,0.226785852856922,0.0
5,高,高,中,高,高,0.6140689787763792,0.6116850451790853,0.6463143752729813,1.0
5,低,低,低,低,低,0.11948837847827366,0.11948837847827366,0.14350825075401677,0.0
5,高,高,高,高,高,0.6230803461959041,0.6235281285736789,0.6554028553186937,1.0
5,高,高,中,高,高,0.6089052732224931,0.6087750109532641,0.6382064913036564,1.0
5,高,高,中,高,高,0.5637222142285995,0.5646656545345186,0.6259514291171949,1.0
5,高,高,中,高,高,0.5884138742644065,0.5853626586488107,0.5938195455864071,1.0
5,高,高,中,高,高,0.6164863330142256,0.6140344587517126,0.6531661132867391,0.98
5,高,高,中,高,高,0.5517221310060619,0.5536760821806763,0.5923579751801001,1.0
5,高,中,中,低,中,0.2626297182589867,0.2626297182589867,0.2033525159328183,0.37
5,中,中,中,中,中,0.2893281573716793,0.2882215596484872,0.28343581738585566,0.0
5,中,中,中,中,中,0.36947091724997994,0.37030740005332574,0.28842678021409784,0.0
5,低,低,低,低,低,0.12444319995098994,0.12444319995098994,0.1537225452813976,0.0
5,中,中,中,中,中,0.33321596467985815,0.33321596467985815,0.3024193009066228,0.0
5,低,中,中,中,低,0.2924692989634724,0.2924692989634724,0.29517186433616305,0.32
5,低,低,低,低,低,0.12364851393653493,0.12364851393653493,0.14322046891285897,0.0
5,高,高,中,高,高,0.6016883534627082,0.6030234905211743,0.5805646015991499,1.0
5,低,低,低,低,低,0.12900912498560013,0.12900912498560013,0.13839785234857083,0.0
5,低,低,低,低,低,0.12481342139620408,0.12481342139620408,0.144448790320877,0.0
5,高,高,中,高,高,0.592695447984897,0.5922854373286891,0.6195933158629459,1.0
5,中,中,中,中,中,0.3039298955161,0.30999127392083387,0.2467596404220429,0.0
5,中,中,中,中,中,0.2834065570143979,0.2835979020301673,0.21269760190851084,0.0
5,低,低,低,低,低,0.12449544438195798,0.12449544438195798,0.15250018228496953,0.0
5,高,高,中,高,高,0.5988928221527046,0.5983220192039873,0.6268994993294761,1.0
5,中,中,中,中,中,0.22872900143589964,0.22872900143589964,0.19194839261034227,0.0
5,低,低,低,低,低,0.1298201729093423,0.1298201729093423,0.14714067688048196,0.0
5,中,中,中,中,中,0.31357910432268243,0.3096157586443447,0.3064121198919127,0.0
5,中,中,中,中,中,0.2609774757975651,0.2609774757975651,0.22432894312418952,0.0
5,中,中,中,中,中,0.3052164685403854,0.3052164685403854,0.24309591899891841,0.0
5,高,高,中,高,高,0.5737430533828207,0.5760436767009095,0.6262883933291833,1.0
5,高,高,高,高,高,0.6298819790204019,0.6286082503531323,0.6449474258953377,1.0
5,高,高,中,高,高,0.5740373442447454,0.5748740987815953,0.5449304459177382,0.99
5,高,高,中,高,高,0.5491383970638903,0.550538990737899,0.5831176682405026,1.0
5,低,中,中,中,高,0.31075991989043455,0.299826601193645,0.31951162599410665,0.46
5,低,中,中,中,低,0.4325945081050657,0.4325945081050657,0.4361695955500048,0.29
5,高,高,中,高,高,0.569728224198896,0.5712989940791305,0.6049282554017431,1.0
6,高,高,中,高,高,0.5966482139278108,0.5968795007591985,0.5839040062462143,1.0
6,中,中,中,中,中,0.28385791043996234,0.28385791043996234,0.2472664144678626,0.0
6,高,高,中,高,高,0.5655859222726173,0.5680126646341541,0.560878494824365,1.0
6,低,低,低,低,低,0.1291605159792383,0.1291605159792383,0.14293640276450625,0.0
6,中,中,中,中,中,0.23737583296897594,0.23737583296897594,0.235999815628124,0.0
6,高,高,中,高,高,0.5635393180790124,0.5619933586234358,0.5754289521067897,0.99
6,高,高,中,高,高,0.6020585950268794,0.5987822394332886,0.6435332781956709,1.0
6,高,高,中,高,高,0.5617426235124983,0.5586385694713151,0.6209117483429412,1.0
6,中,中,中,中,中,0.3246970209005125,0.32237223617742355,0.3291053526270227,0.0
6,低,低,低,低,低,0.12951582053439803,0.12951582053439803,0.13569312732354225,0.0
6,低,中,中,中,高,0.2835798156924617,0.27172461147158405,0.364823250765272,0.45
6,高,中,中,中,低,0.24437365112432982,0.24211722854873524,0.2785230969679853,0.3
6,低,低,低,低,低,0.1297427122578931,0.1297427122578931,0.1391134821090606,0.0
6,中,中,中,中,中,0.3013617659934908,0.3003663812340204,0.26208315198151017,0.0
6,低,低,低,低,低,0.12856130770731336,0.12856130770731336,0.13640262743844395,0.0
6,中,中,中,中,中,0.2781251030542687,0.2781251030542687,0.22773511596199272,0.0
6,高,中,中,中,低,0.27338198521056417,0.2728154573909673,0.32219564856393357,0.31
6,中,中,中,中,中,0.2604113541662487,0.2630925350172016,0.22978559458588638,0.0
6,高,高,中,高,高,0.5680538273131575,0.5683237263842917,0.6033582866069312,1.0
6,中,中,中,中,中,0.3220910982916629,0.3217555539287399,0.2844137736423394,0.0
6,中,中,中,中,高,0.2598652339440082,0.25738645323194503,0.29901774021307614,0.37
6,中,中,中,中,中,0.24595511658064315,0.24595511658064315,0.20655351804987604,0.0
6,低,低,低,低,低,0.11554103715412876,0.11554103715412876,0.1324380216653025,0.0
6,低,低,低,低,低,0.1323234907331808,0.1323234907331808,0.14808777224977332,0.0
6,低,低,低,低,低,0.12222611348039036,0.12222611348039036,0.14066249027512498,0.0
6,低,低,低,低,低,0.12199767302559678,0.12199767302559678,0.14012021249124232,0.0
6,低,低,低,低,低,0.1349990177281526,0.1349990177281526,0.14256271735018736,0.0
6,中,中,中,中,中,0.28781234465040756,0.28792553522343506,0.2900665462724034,0.0
6,低,低,低,低,低,0.12920587787537433,0.12920587787537433,0.14276910639866233,0.0
6,高,高,中,高,高,0.5859667032870394,0.5849125901191947,0.5945065940497777,1.0
6,低,中,中,中,中,0.29921171261553003,0.30630884734935243,0.27591413782516827,0.4
6,高,高,中,高,高,0.5786813277816857,0.579772212210423,0.5966479888811723,1.0
6,高,高,中,高,高,0.5575954759811852,0.5574198379540949,0.5586745567253082,1.0
6,低,低,低,低,低,0.12861830824141926,0.12861830824141926,0.1484661287078277,0.0
6,高,高,中,高,高,0.5995005994417788,0.5964392918939714,0.6175804069212041,1.0
6,中,中,中,中,高,0.2482624821036045,0.2442496558997658,0.34349630082673727,0.42
6,中,中,中,中,中,0.24378790238477746,0.24437864585361452,0.2522077679575174,0.0
6,中,中,中,中,中,0.4729125636291294,0.4729125636291294,0.4718094886298227,0.15
6,高,高,中,高,高,0.6040262111834831,0.6043031355346329,0.6112714363306605,1.0
6,中,中,中,中,中,0.31795399974181643,0.31795399974181643,0.23217960448080582,0.0
6,高,高,中,高,高,0.5718559760091757,0.5720994101603581,0.5679903093612038,1.0
6,高,高,中,高,高,0.5517575783879529,0.5497096715263053,0.5710140911032356,1.0
6,中,中,中,中,高,0.37830022032295846,0.36957972957934854,0.34970221780871175,0.51
6,高,中,中,中,低,0.34806617749600666,0.36124532176498214,0.27909221313254245,0.25
6,中,中,中,高,低,0.4563701129175494,0.4427432036922799,0.5509931228437426,0.39
6,低,低,低,低,低,0.12360293130096807,0.12360293130096807,0.13743870946328426,0.0
6,低,低,低,中,高,0.23560868455577272,0.23560868455577272,0.36418931999345516,0.71
6,低,低,低,低,低,0.12512112364997824,0.12512112364997824,0.13398098905227418,0.0
6,低,低,低,低,低,0.12648553408489577,0.12648553408489577,0.14380315960490497,0.0
6,低,低,低,低,低,0.1235907870633365,0.1235907870633365,0.1410465711066693,0.0
6,高,高,中,高,高,0.5874868343562738,0.5867833301584915,0.5980427826670622,1.0
6,中,中,中,中,中,0.2934151361127292,0.2903143449651817,0.29487262230952904,0.0
6,低,低,低,低,低,0.1178464870864956,0.1178464870864956,0.13584372121333974,0.0
6,低,低,低,低,低,0.12464757154454119,0.12464757154454119,0.13334181635791828,0.0
6,低,低,低,低,低,0.12217202960766893,0.12217202960766893,0.14304445822842585,0.0
6,高,高,中,高,高,0.5522075354073839,0.5500126432452698,0.5822766137368679,1.0
6,低,中,中,低,低,0.22979509395804948,0.22979509395804948,0.17248428351716227,0.32
6,低,低,低,低,低,0.12943379556082849,0.12943379556082849,0.1550529496703013,0.0
6,低,低,低,低,低,0.12002081917445702,0.12002081917445702,0.14317871208656358,0.0
6,中,中,中,中,中,0.27254820225535287,0.2734398147756406,0.23985333096395556,0.0
6,高,中,中,中,低,0.4089443958932626,0.4031776521449586,0.4120003650744714,0.28
6,高,中,中,中,高,0.42663885086156905,0.4299891464309417,0.38832956803336893,0.45
6,高,高,中,高,高,0.5729009723391792,0.5701615572568832,0.6194610041235374,1.0
6,中,中,中,中,中,0.34086952028549355,0.34086952028549355,0.3246450878930637,0.0
6,中,中,中,中,中,0.26622139248126814,0.26622139248126814,0.2536941267899265,0.0
6,低,低,低,低,低,0.1288313204932661,0.1288313204932661,0.14201830994578624,0.0
6,中,中,中,低,低,0.2425106006226328,0.2425106006226328,0.15562036099002913,0.39
6,高,高,中,高,高,0.5725610117017652,0.5728866102027464,0.6016168083141108,1.0
6,低,低,低,低,低,0.12557063772277555,0.12557063772277555,0.14545818375877728,0.0
6,低,低,低,低,低,0.1222074341448288,0.1222074341448288,0.14241567508534816,0.0
6,高,高,中,高,高,0.5900443274992305,0.5887724703150677,0.5870660363071888,1.0
6,低,低,低,低,低,0.13356523605868156,0.13356523605868156,0.14747081817474017,0.0
6,中,中,中,中,中,0.32535345853862435,0.32535345853862435,0.2787015314536783,0.0
6,高,高,高,高,高,0.6477635861424935,0.6478349033725367,0.6419182604405687,1.0
6,高,高,中,高,高,0.5579556675611491,0.5574821342956913,0.5981831743275842,1.0
6,高,高,中,高,高,0.6085351350453029,0.6079720262376581,0.6316067278972088,1.0
6,中,中,中,中,中,0.3221551555731258,0.3208802368556852,0.30563519728221644,0.0
6,高,高,中,高,高,0.5850728613538507,0.5841781181502073,0.6112332717828471,1.0
6,低,低,低,低,低,0.14854714289574317,0.14854714289574317,0.14575178786934267,0.01
6,低,低,低,低,低,0.12331276718028174,0.12331276718028174,0.1406618361091844,0.0
6,中,中,中,中,中,0.31561757002059604,0.31561757002059604,0.28830031033211284,0.0
6,中,中,中,中,中,0.2558254074875007,0.2558254074875007,0.23679470924350848,0.0
6,中,中,中,中,中,0.28728406777294807,0.28741850624176496,0.2891905499708714,0.0
6,低,中,中,中,中,0.34492753379314595,0.34492753379314595,0.36408021047590783,0.18
6,低,低,低,低,低,0.12083429127574152,0.12083429127574152,0.14014249475619736,0.0
6,高,中,中,中,中,0.3342603617170083,0.3236245107104597,0.35540944513268957,0.15
6,中,中,中,中,中,0.2317820617590846,0.23124359841611744,0.2485614449621256,0.0
6,中,中,中,中,中,0.29569880291853073,0.29569880291853073,0.2906786857451304,0.0
6,中,中,中,中,中,0.32570941288928695,0.32334717636752663,0.3166754821004188,0.0
6,中,中,中,中,中,0.2671138425238824,0.2671138425238824,0.26039370818249896,0.01
6,高,高,中,高,高,0.5726622830573627,0.570920447191804,0.5890667588093144,1.0
6,高,中,中,中,低,0.23454517288235885,0.23231872059540204,0.30915337767082707,0.24
6,高,中,中,中,高,0.46111580107631955,0.4690945278909297,0.49280597023138184,0.43
6,低,低,低,低,低,0.12478667101104353,0.12478667101104353,0.14504146629528436,0.0
6,中,中,中,中,中,0.3381988884822796,0.3381988884822796,0.2737668883606596,0.0
6,高,高,中,高,高,0.5974274219515489,0.5965572256811591,0.6259701157891043,1.0
6,高,高,中,高,高,0.5090349599508704,0.5072978575125096,0.5564017984704113,1.0
6,低,低,低,低,低,0.12438233397063418,0.12438233397063418,0.13312339516252808,0.0
6,中,中,中,中,中,0.23999467212243855,0.24141752726904347,0.22599313034896837,0.0
6,中,中,中,中,中,0.2326529938365949,0.23429514441812815,0.21611528151633647,0.0
6,中,中,中,中,中,0.3414822239185202,0.3414822239185202,0.25334033955663765,0.0
6,高,中,中,中,高,0.23691441524340917,0.23691441524340917,0.30323319219517364,0.41
6,低,低,低,低,低,0.11919329075112323,0.11919329075112323,0.1365319228006763,0.0
6,低,中,中,高,低,0.4287441934913042,0.4174478515857735,0.507552758124804,0.39
6,中,中,中,中,高,0.34762322370758253,0.34762322370758253,0.4437331192536844,0.34
6,低,低,低,低,低,0.12387094672338766,0.12387094672338766,0.1424334652048745,0.0
6,高,中,中,中,中,0.3113284629743521,0.3113284629743521,0.2802884732816285,0.26
6,中,中,中,中,中,0.25870889746028336,0.26166353337825055,0.22891134207274474,0.0
6,高,高,中,高,高,0.6137504779263826,0.6108066403405065,0.6477964384444267,1.0
6,高,中,中,中,高,0.22171767056423736,0.22171767056423736,0.2538008669304398,0.39
7,中,中,中,中,中,0.2766099664543185,0.2766099664543185,0.2485161817253736,0.0
7,高,高,中,高,高,0.5903854605193894,0.5874833727859636,0.6271306197270743,1.0
7,中,中,中,中,中,0.2703162504484355,0.2715720268240786,0.2566609308598232,0.0
7,低,低,低,低,低,0.12528518925247023,0.12528518925247023,0.1451257184592015,0.0
7,低,低,低,低,低,0.12275215170536899,0.12275215170536899,0.14420091739889124,0.0
7,高,高,中,高,高,0.5749343781756198,0.5766002712967311,0.5446831529177826,1.0
7,中,中,中,中,中,0.2637063844534429,0.26290138409345004,0.25105997852939216,0.0
7,中,中,中,中,低,0.3170254012312106,0.3170254012312106,0.2496504520175162,0.27
7,高,高,中,高,高,0.609759293303897,0.6063343821407932,0.6406079644225015,1.0
7,高,高,中,高,高,0.5732151405939736,0.5736643288795426,0.5990936666301072,1.0
7,低,低,低,低,低,0.1279782543970672,0.1279782543970672,0.1516372220455639,0.0
7,中,中,中,中,中,0.2854282890406804,0.2854282890406804,0.2754253152957585,0.0
7,高,高,中,高,高,0.5991622720892368,0.5975766731550981,0.6179800173156389,1.0
7,低,中,中,中,低,0.3624345708859268,0.36118035578718005,0.38944409652091116,0.34
7,高,高,中,高,高,0.5908723863069988,0.5930854260190535,0.5972333293313526,1.0
7,中,中,中,中,中,0.3050983598028656,0.3050983598028656,0.2571472104966972,0.0
7,低,中,低,中,低,0.2009688811800262,0.19698710939390618,0.20160401571709669,0.32
7,中,中,中,中,中,0.2857280890291069,0.28582917182542195,0.23311746632131977,0.0
7,高,高,中,高,高,0.5510578998143918,0.5510401979638925,0.5309936956667334,1.0
7,高,高,中,高,高,0.5734875323327794,0.5745414185720661,0.5746832665319946,1.0
7,中,中,中,中,中,0.39689077124961397,0.39689077124961397,0.3344306625427325,0.32
7,低,低,低,低,低,0.12688071768618245,0.12688071768618245,0.1426270300858374,0.0
7,中,中,中,中,中,0.30323025887461363,0.30360559329918,0.2745097563717065,0.0
7,高,高,中,高,高,0.5826651689002178,0.579348021969556,0.6313437071608652,0.99
7,高,高,中,高,高,0.5792529762471745,0.5785176679398832,0.5682663339127689,1.0
7,中,中,中,中,中,0.2659430364996737,0.26430507259551345,0.2483747542806974,0.01
7,低,中,中,中,高,0.3993535635877185,0.3993535635877185,0.31195449249652984,0.5
7,高,高,中,高,高,0.5716817311425224,0.5654715861579557,0.6364967395741937,1.0
7,低,低,低,低,低,0.12531091430896488,0.12531091430896488,0.15131797311455775,0.0
7,低,低,低,低,低,0.1244419192502282,0.1244419192502282,0.14902689890421064,0.0
7,高,高,中,高,高,0.5447369420404987,0.5439212145672063,0.5855267857369187,1.0
7,低,低,低,低,低,0.13623428175611535,0.13623428175611535,0.15416736340352913,0.0
7,中,中,中,中,中,0.3383210067169194,0.3427141507666019,0.28060165674915355,0.0
7,中,中,中,中,中,0.3500168229072036,0.3545049958607681,0.27853014700116535,0.0
7,高,高,中,高,高,0.5422849380893022,0.5396099961766637,0.5638135930121575,0.99
7,低,低,低,低,低,0.12073886065988185,0.12073886065988185,0.14297076034306624,0.0
7,中,中,中,中,中,0.2844361855300381,0.2844361855300381,0.2648580564125888,0.0
7,中,中,中,中,中,0.3058284844259037,0.30435467960355295,0.2606600589951497,0.0
7,高,中,中,中,高,0.25305270803850927,0.24552913489789002,0.3267744503049454,0.47
7,中,中,中,中,中,0.28904115516375795,0.2880237849057615,0.27603007608623703,0.0
7,高,高,中,高,高,0.6056214256652295,0.6013601188520055,0.6433411195364642,1.0
7,低,低,低,低,低,0.13191751783018785,0.13191751783018785,0.15289453462877503,0.0
7,高,高,高,高,高,0.6193044865309357,0.6197023192792165,0.619984813657307,1.0
7,中,中,中,中,中,0.3344322296590144,0.33989588270197113,0.24232962332659844,0.01
7,高,高,中,高,高,0.5788436864386356,0.5764863288769771,0.6179721012833927,1.0
7,高,中,中,中,低,0.29857578245587135,0.2993925077899896,0.28092809545432745,0.33
7,低,低,低,低,低,0.1267156194316732,0.1267156194316732,0.14936676356991566,0.0
7,中,中,中,中,中,0.2879228721497984,0.2879228721497984,0.3832641274941061,0.23
7,高,高,中,高,高,0.5536085514945103,0.553085503893363,0.5852276241444013,1.0
7,高,高,中,高,高,0.5857257669309373,0.5871164079790583,0.5367434979745194,0.78
7,高,高,中,高,高,0.575629081971154,0.5742437297860842,0.5761801872420165,1.0
7,高,高,中,高,高,0.5748495189551613,0.5727685972409721,0.607184070122344,1.0
7,高,高,高,高,高,0.6332714005210813,0.6322502389106827,0.6283022875500134,1.0
7,低,中,中,中,低,0.37141667401481915,0.37045531112529,0.3762824456555494,0.31
7,中,中,中,中,中,0.3368352491923821,0.33375951105612134,0.3143786982707946,0.0
7,中,中,中,中,中,0.32084194318362524,0.3229069328655304,0.2988109626307663,0.0
7,中,中,中,中,中,0.22661243851235863,0.22503259865130362,0.23611172621618876,0.0
7,中,中,中,中,中,0.3205145040523914,0.3205145040523914,0.2511312585163911,0.0
7,中,中,中,中,中,0.28644918919489726,0.2820234716609627,0.265221304745676,0.0
7,低,低,低,低,低,0.13779497893104858,0.13779497893104858,0.18622625316088257,0.41
7,高,高,中,高,高,0.5369445373997019,0.5351141212672186,0.6012204824411506,1.0
7,中,中,中,中,中,0.25766656296257245,0.2544273094877106,0.26906976754675427,0.0
7,中,中,中,中,中,0.35051078623132415,0.35051078623132415,0.3144825379882322,0.0
7,低,低,低,低,低,0.11894883584614406,0.11894883584614406,0.1389883094933221,0.0
7,低,低,低,低,低,0.12809477032785016,0.12809477032785016,0.15712381317948398,0.0
7,高,高,中,高,高,0.5636906751734335,0.5611968717696457,0.5962351620300546,1.0
7,中,中,中,中,中,0.25718376680489907,0.25718376680489907,0.22620129277808437,0.0
7,中,中,中,中,中,0.33454459395328867,0.3386083288918578,0.26613277702706173,0.0
7,低,低,低,低,低,0.12104451837511518,0.12104451837511518,0.14890838604186973,0.0
7,低,低,低,低,低,0.12123847810673374,0.12123847810673374,0.1508469610700735,0.0
7,高,高,中,高,高,0.6140577642939442,0.6150126875478444,0.603058570952889,0.99
7,低,低,低,低,低,0.12362344215088189,0.12362344215088189,0.14213676417185936,0.0
7,低,低,低,低,低,0.11785734163768698,0.11785734163768698,0.138757678438999,0.0
7,中,中,中,中,中,0.25873662236918143,0.25941764596344,0.25045146143389874,0.0
7,中,中,中,中,中,0.23078601582965622,0.23078601582965622,0.2433187486257446,0.0
7,低,低,低,低,低,0.12162727309982739,0.12162727309982739,0.1414916790382921,0.0
7,低,中,中,中,高,0.3584821192500613,0.3513719450005471,0.4693925609399854,0.48
7,高,中,中,中,高,0.2662462684769676,0.2662462684769676,0.2864351114910306,0.37
7,低,低,低,低,低,0.12572830179198372,0.12572830179198372,0.14719664209390032,0.0
7,中,中,中,中,中,0.2924041792366446,0.2924041792366446,0.2684612140647714,0.0
7,高,中,中,中,高,0.2533442250643769,0.2533442250643769,0.34175560387124054,0.41
7,高,高,高,高,高,0.6446372151016208,0.643371024813191,0.6525141144072776,1.0
7,高,高,中,高,高,0.5991256078078804,0.5948344703060673,0.6426698744403669,1.0
7,中,中,中,中,中,0.3373808474665215,0.3373808474665215,0.3240351996278293,0.0
7,高,中,中,中,低,0.2654131572367059,0.26890325892402694,0.20086767806855604,0.33
7,中,中,中,中,中,0.25782106918583203,0.25816401688561746,0.2309395701092643,0.0
7,低,中,中,中,中,0.39031357752522483,0.39362034090169506,0.3041237062670251,0.23
7,高,中,中,中,低,0.3416106744414593,0.33669805346105136,0.3247891514415838,0.35
7,中,中,中,中,中,0.28999423560540727,0.28999423560540727,0.2556752141345538,0.0
7,中,中,中,中,中,0.23452273249459485,0.23452273249459485,0.23177670971581826,0.0
7,高,高,中,高,高,0.5873551452072955,0.5890649106710134,0.5454287292159469,1.0
7,高,高,中,高,高,0.5580497066973936,0.5543690740299759,0.6025691084107968,1.0
7,中,中,中,中,中,0.29911977590266603,0.29911977590266603,0.27670856396866134,0.0
7,低,低,低,低,低,0.12335838677646767,0.12335838677646767,0.14534402913313793,0.0
7,低,低,低,低,低,0.13232975910520506,0.13232975910520506,0.14181627363804383,0.0
7,高,高,高,高,高,0.6253487902503249,0.6227249270735453,0.6524603302600257,1.0
7,高,高,中,高,高,0.5600320943520324,0.5602363427090093,0.5810269130403419,1.0
7,高,高,中,高,高,0.6060397823930385,0.6064927210066899,0.5980457677953266,1.0
7,中,中,中,中,中,0.2985279627409308,0.30348729009620673,0.22453377456728407,0.0
7,低,低,低,低,低,0.1151280600701407,0.1151280600701407,0.1386711926965307,0.0
7,中,中,中,中,中,0.3152970413153435,0.3128728912686909,0.28900265487071825,0.0
7,低,低,低,低,低,0.12320312490086044,0.12320312490086044,0.14804663194674011,0.0
7,低,低,低,低,低,0.11774123341853121,0.11774123341853121,0.13798794100155543,0.0
7,低,中,低,中,低,0.17363001496857347,0.1701734398893744,0.20098835417869185,0.32
7,低,中,中,中,高,0.22138762783929175,0.22138762783929175,0.265194486169789,0.47
7,低,低,低,低,低,0.14502799650993475,0.14502799650993475,0.1417474262993482,0.0
7,低,低,低,低,低,0.13152191888273923,0.13152191888273923,0.13885456634863544,0.0
7,低,低,低,低,低,0.12349509299639609,0.12349509299639609,0.1461564948441395,0.0
7,低,低,低,低,低,0.12461655299694908,0.12461655299694908,0.14663637498671206,0.0
7,低,低,低,低,低,0.11931563167482906,0.11931563167482906,0.14271699947808172,0.0
8,中,低,低,中,低,0.1906013558066927,0.1906013558066927,0.328596545213358,0.22
8,高,高,中,高,高,0.5876749854628949,0.5885595677559161,0.5785868747468691,1.0
8,低,低,低,低,低,0.1254756455542575,0.1254756455542575,0.1596785522877317,0.0
8,低,低,低,低,低,0.1364660080702639,0.1364660080702639,0.14337332463296704,0.0
8,高,高,中,高,高,0.576922075891496,0.578370440361991,0.5977075213702365,1.0
8,中,中,中,中,中,0.2227992481133302,0.2227992481133302,0.21898079048089375,0.0
8,低,低,低,低,低,0.1324305701725718,0.1324305701725718,0.16384807478456026,0.0
8,中,中,中,中,中,0.25609687862503316,0.25496088794772287,0.23433112671932518,0.0
8,低,中,中,中,高,0.4329178441390435,0.4207779690998962,0.44157040457866636,0.5
8,低,低,低,低,低,0.12518084167853438,0.12518084167853438,0.15834461970537234,0.0
8,低,低,低,低,低,0.1204853458418035,0.1204853458418035,0.14867636522616925,0.0
8,高,高,中,高,高,0.592114052965775,0.5918182822523497,0.5740355728601119,1.0
8,中,中,中,中,低,0.3557170107792062,0.35908471502822376,0.3513673116052751,0.39
8,低,低,低,低,低,0.13098584411473768,0.13098584411473768,0.16476530061787173,0.0
8,高,中,中,低,中,0.322603600253889,0.322603600253889,0.17202742523914794,0.23
8,中,中,中,中,中,0.303834043344492,0.3013263447039973,0.2747157399639234,0.0
8,中,中,中,中,中,0.2882593935143782,0.288937272734052,0.33039327562858983,0.0
8,高,高,高,高,高,0.6250218229990218,0.622620124393456,0.6199503972347402,1.0
8,低,低,低,低,低,0.12929567731122413,0.12929567731122413,0.16024814350345548,0.0
8,中,中,中,中,中,0.2890579744302042,0.28958725614941955,0.33285619736441935,0.0
8,高,高,高,高,高,0.6275578264047877,0.6274584028217003,0.6227910295666962,1.0
8,高,高,高,高,高,0.6162168961269973,0.6184263155477009,0.6045665421833525,1.0
8,中,中,中,中,低,0.29696368640944737,0.30592184597074734,0.302236346033071,0.2
8,中,中,中,中,中,0.2884548474652444,0.2884548474652444,0.2892133330632747,0.0
8,低,低,低,低,低,0.13288969050352037,0.13288969050352037,0.16873071785323276,0.0
8,中,中,中,中,中,0.22500305433096715,0.2250025455138107,0.2849126469288872,0.0
8,中,中,中,中,中,0.24861381397301535,0.24861381397301535,0.23799929479438967,0.0
8,低,低,低,低,低,0.12626112340289397,0.12626112340289397,0.15759584413603947,0.0
8,中,中,中,中,中,0.24848845695535351,0.24750340259814255,0.2544059020285617,0.0
8,高,高,中,高,高,0.6122079099604331,0.6108444006138483,0.6228170359061412,1.0
8,高,高,中,高,高,0.6096777837761251,0.6107328383991948,0.6094631700410544,1.0
8,中,中,中,中,中,0.3118533270291236,0.3086604001510224,0.25499874919093785,0.0
8,低,低,低,低,低,0.13166940428276702,0.13166940428276702,0.15969729147243225,0.0
8,中,中,中,中,中,0.2630823154549874,0.26195094375278755,0.30321728943309684,0.0
8,低,低,低,低,低,0.12260405797584364,0.12260405797584364,0.16006597797558864,0.0
8,低,低,低,低,低,0.12767198852280037,0.12767198852280037,0.16414717487633088,0.0
8,高,高,中,高,高,0.5852941025001357,0.5856721373903312,0.5722946852712495,1.0
8,低,中,中,中,高,0.283987734545555,0.283987734545555,0.3691108793672064,0.69
8,高,高,中,高,高,0.6038959683189408,0.6026922450863427,0.6220274347294651,1.0
8,高,高,中,高,高,0.611626215823705,0.6108421973596534,0.6162167628095258,1.0
8,低,中,中,中,低,0.24634735873642613,0.2472069590013926,0.18930102125926043,0.31
8,中,中,中,中,中,0.3009799155863606,0.30020626426103375,0.3121457412090433,0.0
8,低,低,低,低,低,0.12750608125322352,0.12750608125322352,0.15991479657999721,0.0
8,中,中,中,中,中,0.26543695204108625,0.2625530361862684,0.279311713905375,0.0
8,中,高,中,中,低,0.5174889259256331,0.5217380205281569,0.4247459388342229,0.36
8,中,中,中,中,中,0.2619656532033809,0.2619656532033809,0.24248725165118168,0.0
8,高,高,中,高,高,0.6159349635386259,0.6161873406253496,0.6060531822974347,1.0
8,中,中,中,中,中,0.2641364292906673,0.264030741733355,0.26294731508393265,0.0
8,高,高,中,高,高,0.614062319927405,0.6143736652781162,0.6051643119134618,1.0
8,高,高,中,高,高,0.6116065209991621,0.6124803443424286,0.6031540269167815,1.0
8,高,中,中,中,中,0.27040419308783425,0.27040419308783425,0.23406107625299985,0.33
8,低,低,低,低,低,0.12558223107562022,0.12558223107562022,0.15494460052212786,0.0
8,高,高,高,高,高,0.6197655080287631,0.6196394029423201,0.6005433250333673,1.0
8,低,低,低,低,低,0.12195346051739556,0.12195346051739556,0.1491777806273121,0.0
8,高,高,中,高,高,0.6068950243827211,0.6072715102555463,0.606591654609444,1.0
8,中,中,中,中,中,0.26804242536222367,0.26820389240726095,0.29141275754146734,0.0
8,低,低,低,低,低,0.12148970271348003,0.12148970271348003,0.14982725602579808,0.0
8,低,低,低,低,低,0.12458596218974588,0.12458596218974588,0.154560092783055,0.0
8,中,中,中,中,中,0.24676216506806364,0.24676216506806364,0.26530724790038007,0.0
8,低,低,低,低,低,0.12376782682580818,0.12376782682580818,0.1455801699737735,0.0
8,低,中,中,低,中,0.3815946343110068,0.3815946343110068,0.18668086078179416,0.21
8,中,中,中,中,低,0.33232013644007574,0.33661034670858125,0.4035025419427592,0.32
8,高,高,高,高,高,0.633653940848972,0.6339747223147078,0.6180091353325922,1.0
8,低,中,中,中,中,0.4590926830748789,0.4568827496895658,0.2588028167909777,0.13
8,中,中,中,中,中,0.29642770590819784,0.29196332367995687,0.27954514630131455,0.0
8,低,低,低,低,低,0.1300739306649466,0.1300739306649466,0.1581424886294162,0.0
8,高,高,高,高,高,0.629768785242136,0.62706347374997,0.643899822747678,0.99
8,高,高,中,高,高,0.5595614144804555,0.563288668860912,0.552456593596556,1.0
8,中,中,中,中,中,0.25563684648520973,0.25563684648520973,0.25572168210259816,0.0
8,低,低,低,低,低,0.12935214011867865,0.12935214011867865,0.16454582916154692,0.0
8,低,低,低,低,低,0.12832944242539143,0.12832944242539143,0.14959998717434908,0.0
8,高,高,中,高,高,0.6054415380516724,0.6040061203572087,0.6188718552234309,0.99
8,低,中,中,中,低,0.4256283001386768,0.4256283001386768,0.47158548593555183,0.4
8,低,低,低,低,低,0.12811967866207666,0.12811967866207666,0.15539645439305996,0.0
8,低,低,低,低,低,0.12865745393091188,0.12865745393091188,0.16122715014404176,0.0
8,中,中,中,中,中,0.2567164271933737,0.25414853676008925,0.2707221425188385,0.0
8,中,中,中,中,低,0.3058614813181295,0.3106073361085193,0.33907712074222807,0.37
8,高,高,中,高,高,0.6170093112109384,0.6159415847265807,0.5949474345494843,1.0
8,低,低,低,低,低,0.1362291532472733,0.1362291532472733,0.16567623673286969,0.0
8,高,高,中,高,高,0.5974586832900083,0.5996219635635173,0.6264338871105439,1.0
8,高,高,中,高,高,0.6164474113337215,0.6160851109047861,0.6138959053906327,1.0
8,中,中,中,中,中,0.22846069120585966,0.22846069120585966,0.24067868210095042,0.0
8,中,中,中,中,中,0.2675118059296743,0.26558399434631075,0.2727645361432765,0.0
8,低,低,低,低,低,0.12806104639066482,0.12806104639066482,0.16385426941081868,0.0
8,中,中,中,低,低,0.25684385133360405,0.25684385133360405,0.17020115694509455,0.31
8,高,高,中,高,高,0.6160599814956713,0.6142528896776779,0.6231266591163431,1.0
8,低,低,低,低,低,0.1258813794786936,0.1258813794786936,0.15287037030632725,0.0
8,中,中,中,低,中,0.27200662839713113,0.27200662839713113,0.22456433489918678,0.39
8,中,中,中,中,中,0.30066448054424405,0.2983471447838909,0.25887780609848177,0.0
8,高,高,中,高,高,0.5833489607713377,0.5844264421863666,0.5618071306605879,1.0
8,中,中,中,中,中,0.2563184770974576,0.2567627754182529,0.2526357001098246,0.0
8,高,高,中,高,高,0.5767790163553858,0.5788474511379386,0.5673965239168383,1.0
8,高,高,中,高,高,0.5812767741026884,0.5796207843411249,0.5980963000357217,1.0
8,高,高,中,高,高,0.6078499618315965,0.6070389284193995,0.5907183839554829,1.0
8,低,低,低,低,低,0.12485052570134987,0.12485052570134987,0.15640480440002147,0.0
8,低,低,低,低,低,0.12295906055798543,0.12295906055798543,0.16058049895735904,0.0
8,高,高,中,高,高,0.6168510893348566,0.6132863334535879,0.6140341076307747,0.97
8,低,低,低,低,低,0.12753461290139997,0.12753461290139997,0.1662033755700569,0.0
8,高,高,高,高,高,0.633609342217481,0.6312527888982375,0.6518146072943559,1.0
8,中,中,中,中,低,0.30352061884679404,0.3143750174067608,0.2866671746139002,0.32
8,中,中,中,中,中,0.2505680509735112,0.2505680509735112,0.27083668603599714,0.0
8,高,高,中,高,高,0.5944988354639821,0.5931349533412507,0.5909851431935041,1.0
8,低,中,中,中,低,0.3353386762198364,0.3294786778504639,0.42275280192573483,0.35
8,低,低,低,低,低,0.13001700030442578,0.13001700030442578,0.15154849885886165,0.0
8,中,中,中,中,中,0.2763430159430602,0.2763430159430602,0.3285475524137341,0.36
8,高,高,中,高,高,0.5897623176140251,0.5901285080032435,0.5891747558733667,1.0
8,低,低,低,低,低,0.12110175405403338,0.12110175405403338,0.15350253274168407,0.0
8,高,中,中,中,高,0.2908745789489163,0.29757060481681635,0.25196689485952034,0.53
8,中,中,中,低,中,0.22008086193371956,0.22008086193371956,0.18416618972044893,0.0
8,高,高,中,高,高,0.6105331376360114,0.6102582413917812,0.6305258669537113,1.0
9,高,高,中,高,高,0.6037405483585503,0.6020698615846642,0.6079892123336852,1.0
9,中,中,中,中,中,0.28851885625703033,0.2801878590986425,0.25589521034078744,0.0
9,高,高,中,高,高,0.6085765329305795,0.6069273420549841,0.6136015230164544,1.0
9,中,中,中,中,中,0.29095362092550203,0.29095362092550203,0.22019557045235655,0.0
9,低,低,低,低,低,0.12224536824063241,0.12224536824063241,0.1535597593060393,0.0
9,低,低,低,低,低,0.1288563655605933,0.1288563655605933,0.14674822336450655,0.0
9,低,低,低,低,低,0.12631744600834022,0.12631744600834022,0.14605560419170222,0.0
9,高,高,中,高,高,0.5848336180175426,0.5807836114544077,0.5670719892625352,1.0
9,高,高,中,高,高,0.6088647590418844,0.608155025462473,0.5547673981740154,0.99
9,低,低,低,低,低,0.11963046016165309,0.11963046016165309,0.15528017768331065,0.0
9,高,高,中,高,高,0.6070807207795008,0.6048009110256274,0.6266897285845547,1.0
9,中,中,中,中,中,0.2763978899703011,0.2763978899703011,0.28072802031660865,0.0
9,低,中,中,中,低,0.3703396930691144,0.3703396930691144,0.467437731743706,0.33
9,低,低,低,低,低,0.1191801713976352,0.1191801713976352,0.14855325272419065,0.0
9,高,高,中,高,高,0.542630115579063,0.5382342596535225,0.607140735487157,1.0
9,高,中,中,中,高,0.3527550852318632,0.340164360177994,0.39970990524816596,0.53
9,高,高,中,高,高,0.5656745683616197,0.5600589289274941,0.6077303990541959,1.0
9,中,中,中,中,中,0.2708973025461121,0.2708973025461121,0.26941129507971523,0.0
9,低,中,中,中,高,0.30747315005844844,0.30747315005844844,0.3095627338252786,0.46
9,高,高,中,高,高,0.55404673375651,0.5503817956959007,0.626023970781427,1.0
9,中,中,中,中,中,0.23139061358720636,0.23139061358720636,0.1933080418046322,0.0
9,低,低,低,低,低,0.1262428940935736,0.1262428940935736,0.15605005402418654,0.0
9,低,低,低,低,低,0.12339185308969407,0.12339185308969407,0.15447697461539736,0.0
9,低,低,低,低,低,0.12150095438011518,0.12150095438011518,0.15804102786952132,0.0
9,中,中,中,中,中,0.3221170161483379,0.3109364405895692,0.28504952499572295,0.0
9,高,高,中,高,高,0.5744833477274469,0.5712420059993065,0.5582767672321988,1.0
9,中,中,中,中,中,0.3290882946206285,0.3282792001164785,0.26667199377266404,0.0
9,低,中,中,中,低,0.3993891600701953,0.39910048300938106,0.21555034714500754,0.23
9,高,高,中,高,高,0.6022633909602683,0.5986979632507253,0.6437843028367046,1.0
9,中,中,中,中,中,0.2836870043893586,0.2836870043893586,0.27031830872204243,0.0
9,中,中,中,中,低,0.266663603040315,0.266663603040315,0.2574551843956647,0.32
9,低,低,低,低,低,0.12372896835417947,0.12372896835417947,0.14188711969038945,0.0
9,低,低,低,低,低,0.122572558169924,0.122572558169924,0.15676057640006347,0.0
9,低,低,低,低,低,0.12019559468620253,0.12019559468620253,0.15593833506492646,0.0
9,中,中,中,中,中,0.3581431919991759,0.35445410111093895,0.2885723519243063,0.0
9,高,高,中,高,高,0.5971219981313671,0.5966968244372276,0.5677056470662393,1.0
9,低,中,中,中,高,0.34456281736143196,0.34039301221895046,0.24057817191306,0.45
9,低,低,低,低,低,0.12198056674518147,0.12198056674518147,0.14508618887344257,0.0
9,低,低,低,低,低,0.11399306030740196,0.11399306030740196,0.14610352467911852,0.0
9,高,高,中,高,高,0.6183677414834685,0.6138915487662241,0.65396516424796,1.0
9,高,高,中,高,高,0.590951055346766,0.5861308731184237,0.6327674294849105,1.0
9,高,高,中,高,高,0.5781298402788336,0.5795971285229288,0.5691846395011988,1.0
9,低,中,中,中,中,0.30700656532912335,0.3060959632752036,0.26189156988206314,0.29
9,中,中,中,中,中,0.26174639361422664,0.26174639361422664,0.220935857795129,0.0
9,中,中,中,中,中,0.2607160172716552,0.2607160172716552,0.23912923498835037,0.0
9,低,低,低,低,低,0.13467715383527104,0.13467715383527104,0.15399123881817686,0.0
9,高,高,高,高,高,0.6288894111427663,0.6279564102091726,0.6433903910350948,1.0
9,中,中,中,中,低,0.343584086060498,0.343584086060498,0.222201884159722,0.24
9,中,中,中,中,中,0.3201196743880431,0.3139640482084055,0.2821993756163246,0.0
9,中,中,中,中,中,0.314695644997704,0.31218342478578465,0.2514351573609364,0.0
9,高,高,高,高,高,0.6208094191505265,0.6187485553222718,0.5900470907756421,1.0
9,高,高,中,高,高,0.595201258348305,0.5911555271587555,0.613441499806363,1.0
9,中,中,中,中,中,0.3372994776643023,0.3346180009836785,0.25955288431647633,0.0
9,中,中,中,中,中,0.36777424898695216,0.3674835157970534,0.2946696970755778,0.0
9,高,高,高,高,高,0.6214167039300633,0.6193344907723792,0.6316206495291775,1.0
9,低,低,低,低,低,0.1281166647953833,0.1281166647953833,0.15047807516848294,0.0
9,中,中,中,中,中,0.32038667930009745,0.3155894279444931,0.2857841008189508,0.0
9,低,低,低,低,低,0.12625052322006652,0.12625052322006652,0.15722524104299668,0.0
9,中,中,中,中,中,0.34746651211575563,0.3433088333091241,0.3132438513457695,0.0
9,中,中,中,中,中,0.2874065426665729,0.2874065426665729,0.22497576222591262,0.0
9,中,中,中,中,中,0.32214382708274447,0.3202602229293088,0.2718827678199106,0.0
9,高,高,中,高,高,0.5826432370712333,0.5751476792936735,0.6189529571793205,1.0
9,低,低,低,低,低,0.13623344570980978,0.13623344570980978,0.16535835528211112,0.0
9,低,低,低,低,低,0.12316528625820432,0.12316528625820432,0.16423624520058255,0.0
9,中,中,中,中,中,0.270440355835702,0.270440355835702,0.2360104595455157,0.0
9,高,高,中,高,高,0.5881509073750609,0.5888126978325575,0.5972814383119248,1.0
9,高,高,中,高,高,0.555373292681667,0.5529367520447603,0.5888650399905075,1.0
9,高,高,中,高,高,0.6102848977660386,0.6068813389643899,0.5985517713406988,1.0
9,低,低,低,低,低,0.13688439471237954,0.13688439471237954,0.1416393169319462,0.0
9,中,中,中,中,低,0.25247169510422324,0.25247169510422324,0.26416090006847387,0.37
9,中,中,中,中,低,0.24587464687227112,0.24587464687227112,0.2538452909412401,0.33
9,中,中,中,中,中,0.3230335386874604,0.3189861080014249,0.23520968343901508,0.0
9,中,中,中,中,中,0.3137012415915164,0.3084393351437165,0.22586002475505706,0.0
9,低,低,低,低,低,0.14188399329909152,0.14188399329909152,0.14305303832737837,0.0
9,低,低,低,低,低,0.12172710550983139,0.12172710550983139,0.16025272403135923,0.0
9,低,中,中,中,中,0.2940404800271477,0.2940404800271477,0.31386683453740294,0.25
9,中,中,中,中,中,0.25700508806359723,0.25700508806359723,0.24335173911937838,0.0
9,中,中,中,中,中,0.347896593449332,0.34367785465388667,0.29098144794261477,0.0
9,低,低,低,低,低,0.12348254374505209,0.12348254374505209,0.15178986221144367,0.0
9,高,低,低,中,低,0.226089416282408,0.226089416282408,0.3672168275711367,0.3
9,高,高,中,高,高,0.5963991472378579,0.5950189611015578,0.5731715267787406,1.0
9,中,中,中,中,中,0.2858533169398112,0.2858533169398112,0.31362593543197953,0.0
9,低,中,中,中,中,0.31675118807909897,0.3031362498116035,0.22325778695672283,0.19
9,中,中,中,中,中,0.4567684214120561,0.45762079736558764,0.4763030351662275,0.25
9,低,低,低,低,低,0.1291642186164046,0.1291642186164046,0.16174094379009696,0.0
9,低,低,低,低,低,0.13019713589573845,0.13019713589573845,0.15690083915884911,0.0
9,高,高,中,高,高,0.6096719057673962,0.6082085803195417,0.5984082323968015,1.0
9,高,高,中,高,高,0.6114956267343928,0.6102448745528268,0.6192994377402435,1.0
9,低,低,低,低,低,0.12008302772126081,0.12008302772126081,0.14542078047313983,0.0
9,低,低,低,低,低,0.1206125651303353,0.1206125651303353,0.15032079852255742,0.0
9,高,高,中,高,高,0.5798371034366441,0.5797565440409624,0.6062547435897138,1.0
9,中,中,中,中,中,0.2987447997059693,0.29547778972550354,0.22206530668709315,0.0
9,高,高,中,高,高,0.5590710496963015,0.5535714849108053,0.6164852804576524,1.0
9,中,中,中,中,中,0.24110361392101667,0.24110361392101667,0.21320933334122236,0.0
9,高,高,中,高,高,0.5919684413393681,0.5853870836886111,0.6310786366352803,1.0
9,高,中,中,中,中,0.3462950252720679,0.3462950252720679,0.2612003178015119,0.32
9,高,高,中,高,高,0.5966147451207514,0.5957788330240201,0.5820439895082381,1.0
9,中,低,低,中,高,0.24256386842760358,0.24256386842760358,0.3880628316340317,0.5
9,低,低,低,低,低,0.11847081342677254,0.11847081342677254,0.15041532193568846,0.0
9,低,低,低,低,低,0.12437783236060843,0.12437783236060843,0.1546336269260896,0.0
9,中,中,中,中,中,0.25690608426241845,0.25690608426241845,0.25084435002159927,0.0
9,中,中,中,中,中,0.35619473180697697,0.349890545005668,0.2560394006361334,0.0
9,高,中,中,中,中,0.32547585575779964,0.32547585575779964,0.22218447094016933,0.24
9,高,中,中,中,低,0.2762399783723747,0.2762399783723747,0.20825649566664567,0.21
9,低,低,低,低,低,0.11933042570341079,0.11933042570341079,0.1493960735499222,0.0
9,低,中,中,中,高,0.36496562686730916,0.3588874085795512,0.38347273582531,0.43
9,高,高,中,高,高,0.6125969971838322,0.6125277042904758,0.6001987612996278,1.0
9,低,中,中,中,中,0.43989851696263976,0.43989851696263976,0.43357234548862744,0.18
9,高,高,中,高,高,0.5889780314569479,0.5838284853833142,0.6106435913964998,1.0
9,高,中,中,低,中,0.2573048096796959,0.2573048096796959,0.15534059863341518,0.17
10,高,高,高,高,高,0.6277619364198113,0.6285049769007734,0.598725023661179,1.0
10,低,低,低,低,低,0.1233951041317544,0.1233951041317544,0.18711524127664048,0.0
10,高,高,中,高,高,0.6093531452267353,0.6083401383082355,0.605783818851656,1.0
10,低,低,低,中,低,0.15056090399857955,0.15056090399857955,0.2240606094077482,0.15
10,低,低,低,低,低,0.11926608000287334,0.11926608000287334,0.18559256738841512,0.0
10,中,中,中,中,中,0.3551917457366594,0.3558062762580529,0.2882231034764034,0.0
10,中,中,中,中,中,0.32437968033821635,0.3223191868850272,0.2615334783926163,0.0
10,中,中,中,中,中,0.33604480485453236,0.3357494581832377,0.28504776244821317,0.0
10,高,中,中,中,中,0.3738813486945405,0.3659437732679896,0.28626669131440957,0.26
10,中,中,中,中,低,0.4210094139522004,0.4210094139522004,0.39963894526381666,0.24
10,低,低,低,低,低,0.12381234968802697,0.12381234968802697,0.17859793967955967,0.0
10,中,中,中,中,中,0.3847695536432936,0.38641516894626493,0.3014293851748115,0.0
10,低,低,低,低,低,0.13022747072421864,0.13022747072421864,0.1723100378990365,0.0
10,高,高,高,高,高,0.6220782299710202,0.6200237176322875,0.6079324018862509,1.0
10,低,低,低,低,低,0.12264088152061618,0.12264088152061618,0.1806879464325975,0.0
10,低,低,低,低,低,0.12682899781364762,0.12682899781364762,0.17923836921487413,0.0
10,中,中,中,中,中,0.27543316634750503,0.2733379610463787,0.27778993495496734,0.0
10,中,中,中,中,中,0.2671233334469015,0.2658407290228916,0.25243171203374787,0.0
10,高,高,中,高,高,0.5647959591562293,0.5676551465100527,0.5435907437763516,1.0
10,高,中,中,中,低,0.45104129149630645,0.44357375552401,0.3367092724341228,0.19
10,中,中,中,中,中,0.23411676988211502,0.23411676988211502,0.2556237369857641,0.0
10,中,中,中,中,中,0.3010800174623577,0.3062298629854845,0.24440294235325632,0.0
10,低,低,低,低,低,0.1241823038949912,0.1241823038949912,0.16799150352234107,0.0
10,中,中,中,中,中,0.35475332518376335,0.35522943584747424,0.3150901997056922,0.0
10,中,低,低,中,高,0.18054734967386135,0.18054734967386135,0.2553325593933514,0.47
10,高,高,中,高,高,0.6084923120017557,0.6080458503327043,0.5983442477574492,1.0
10,高,高,中,高,高,0.5795999166476682,0.5776563618115272,0.5959896712589986,1.0
10,高,高,中,高,高,0.5820940185305178,0.5809435844089729,0.5667349906451818,1.0
10,低,低,低,中,低,0.14865727878662888,0.1451948142187497,0.23101689248969762,0.08
10,低,低,低,低,低,0.1239268412386397,0.1239268412386397,0.17715002715670602,0.0
10,中,中,中,低,高,0.27713558980450104,0.27713558980450104,0.16194783125093795,0.48
10,高,高,中,高,高,0.5730814267753608,0.5692352025817407,0.5952419799306548,1.0
10,高,高,中,高,高,0.5617209222502318,0.561349416436944,0.601203937359059,1.0
10,高,高,中,高,高,0.5533113589420479,0.5510936057612568,0.5519968142337038,1.0
10,低,中,中,中,中,0.4395670940479659,0.447479057305221,0.29497947975877936,0.32
10,中,中,中,低,低,0.26300680174963653,0.26300680174963653,0.23750161896947963,0.26
10,低,低,低,低,低,0.12032880911946432,0.12032880911946432,0.18298181562735943,0.0
10,低,中,中,中,高,0.23669210435691018,0.23669210435691018,0.2698252269244738,0.54
10,高,高,中,高,高,0.5704458881390672,0.5710805607724695,0.5954604392114775,1.0
10,高,高,中,高,高,0.5782166450209522,0.5770302599745484,0.5683675738931515,1.0
10,高,高,中,高,高,0.6020467912425698,0.598924890335545,0.608030664871535,1.0
10,中,中,中,中,中,0.33300651464968206,0.33300651464968206,0.25539135961228404,0.0
10,高,高,高,高,高,0.6267274881361681,0.6268625971115038,0.6156347876884634,1.0
10,中,中,中,中,中,0.32331856225192696,0.32145269042282165,0.3108453011002409,0.0
10,中,中,中,中,中,0.26169563054950296,0.26169563054950296,0.20153024086644789,0.0
10,高,高,中,高,高,0.6034448024018549,0.6006259886244598,0.595251704736866,1.0
10,高,高,中,高,高,0.5702540354721103,0.5712584172245256,0.5878596545779161,1.0
10,低,低,低,低,低,0.13451628720883949,0.13451628720883949,0.18005993923023564,0.0
10,高,低,低,低,低,0.16274405083631466,0.16274405083631466,0.2280826538000693,0.25
10,低,低,低,低,低,0.1228783166574881,0.1228783166574881,0.18409843075225793,0.0
10,低,低,低,低,低,0.1288666711430889,0.1288666711430889,0.17192742173584621,0.0
10,高,高,中,高,高,0.5738934311276274,0.5740090019208998,0.5291636566600701,1.0
10,高,高,中,高,高,0.5529370887822671,0.5555464365451773,0.5334696074155137,1.0
10,低,低,低,低,低,0.12173184814974777,0.12173184814974777,0.18510948716311712,0.0
10,低,中,中,中,低,0.3956071453197268,0.38809048907844274,0.46249295441494487,0.23
10,高,高,中,高,高,0.5979757863655272,0.5990626564786836,0.5494192846312426,1.0
10,低,低,低,低,低,0.1256468729447333,0.1256468729447333,0.17790373303210977,0.0
10,高,高,高,高,高,0.6316857234342611,0.6324199052456947,0.6129218319393611,1.0
10,中,中,中,中,中,0.33384937101005324,0.33384937101005324,0.2517601083202295,0.0
10,低,低,低,低,低,0.13883814593327962,0.13883814593327962,0.1615557370388635,0.0
10,中,中,中,中,中,0.32723523758532574,0.32723523758532574,0.2937847843765601,0.0
10,中,中,中,中,中,0.2986692797333299,0.2986692797333299,0.2662072161186968,0.0
10,低,低,低,低,低,0.1259323085577771,0.1259323085577771,0.18222628524475082,0.0
10,低,中,中,中,高,0.23670602333309795,0.2313824748171979,0.33311321070419414,0.55
10,中,中,中,中,中,0.2900083607531516,0.2900083607531516,0.2281344069934141,0.0
10,低,低,低,低,低,0.1265763252891713,0.1265763252891713,0.18105546386910304,0.0
10,中,中,中,中,低,0.2523632128687271,0.2523632128687271,0.3188758906274141,0.33
10,中,中,中,中,中,0.2848304012642223,0.2848304012642223,0.21132962851731255,0.0
10,低,低,低,低,低,0.13631350310600593,0.13631350310600593,0.15477017285973904,0.0
10,低,低,低,低,低,0.12646880643157446,0.12646880643157446,0.17007731055363895,0.0
10,中,中,中,中,中,0.3044671006243963,0.3044671006243963,0.28224079812123076,0.0
10,高,高,中,高,高,0.5922037737990085,0.5959866331518215,0.5594869573730666,1.0
10,低,低,低,低,低,0.12023806887005675,0.12023806887005675,0.1837265301845405,0.0
10,低,低,低,低,低,0.12473856915394904,0.12473856915394904,0.17906925812967947,0.0
10,高,高,中,高,高,0.5667598415802487,0.5651026566473335,0.5577281498605766,1.0
10,低,低,低,低,低,0.12638895662386374,0.12638895662386374,0.17423629671615745,0.0
10,低,低,低,低,低,0.1210005996659276,0.1210005996659276,0.19003137790031585,0.0
10,高,高,中,高,高,0.5907274220565583,0.589297911733361,0.5733645934839264,1.0
10,高,高,高,高,高,0.6556928168489174,0.6556538562986969,0.6193123095820762,1.0
10,低,低,低,低,低,0.11975693749042755,0.11975693749042755,0.18238195292606862,0.0
10,中,中,中,中,中,0.3428620690183616,0.3458297731654935,0.29340000438426217,0.0
10,低,低,低,低,低,0.12549687728485698,0.12549687728485698,0.17703091071361632,0.0
10,高,高,中,高,高,0.5450062180691777,0.5430410015715532,0.5852489032961509,1.0
10,中,中,中,中,中,0.23661825300519373,0.23661825300519373,0.22668687056110023,0.0
10,高,低,低,低,低,0.12329275727723459,0.12329275727723459,0.21963943159800567,0.13
10,低,中,中,中,中,0.3051290506259902,0.3051290506259902,0.22421503426386657,0.34
10,高,高,中,高,高,0.6138723639180471,0.6137668018115039,0.603238158699214,1.0
10,中,中,中,中,中,0.3087761202616767,0.3087761202616767,0.2286850081819341,0.0
10,高,高,中,高,高,0.5741485962662182,0.5744090113738471,0.5419288087318735,1.0
10,中,中,中,中,中,0.2876925136878058,0.2874438191427609,0.2735382379173226,0.01
10,中,中,中,中,中,0.31941946577397234,0.32425450384433196,0.278722698412053,0.0
10,中,中,中,中,中,0.2781649864486702,0.2781649864486702,0.2485062936258418,0.0
10,低,低,低,低,低,0.13386388936732033,0.13386388936732033,0.19305344351561596,0.01
10,低,低,低,低,低,0.12649022356941866,0.12649022356941866,0.18966341137200995,0.0
10,中,中,中,中,中,0.2719458870777031,0.2719458870777031,0.20867278518718216,0.0
10,中,中,中,中,中,0.335869548163564,0.335869548163564,0.2503923099884177,0.0
10,高,高,中,高,高,0.6084456424255658,0.6072993008152954,0.5717813673588569,1.0
10,高,高,中,高,高,0.5246915350184265,0.5258331514827693,0.5082218199739245,1.0
10,中,中,中,中,中,0.3475446861551595,0.3475446861551595,0.2718361011875311,0.0
10,低,低,低,低,低,0.12514356711295427,0.12514356711295427,0.18205918779199115,0.0
10,低,低,低,中,高,0.1699618594309963,0.1699618594309963,0.22226199499166346,0.4
10,低,低,低,低,低,0.1271001528308238,0.1271001528308238,0.1823980889682106,0.0
10,高,高,中,高,高,0.5687652739081238,0.5630008359890597,0.6062816890965601,0.99
10,低,低,低,低,低,0.12298542156784745,0.12298542156784745,0.18022661584497865,0.0
10,中,中,中,中,中,0.23430246037272814,0.2332031659344899,0.24578002102562202,0.0
10,高,中,中,中,低,0.4140672218836971,0.4140672218836971,0.3949347757794415,0.18
10,中,中,中,中,中,0.2565278519992431,0.2561540373782583,0.2541322085070962,0.0
10,高,高,中,高,高,0.598755975794097,0.5971463368922884,0.5574750155961178,1.0
10,高,高,高,高,高,0.635518558271836,0.6342188399169765,0.6169161162387065,1.0
10,中,中,中,中,中,0.30145488060643755,0.30145488060643755,0.26983711549803846,0.0
