social_support,peer_pressure,extracurricular_activities,bullying,Social_relations_score
0.1128388899415964,0.1863339596856902,0.1642489523686563,2,-0.1751195710252402
-0.8419517172565273,0.8882769585016462,1.575763386786796,5,1.5903991851249897
0.1128388899415964,0.1863339596856902,-0.5415082648404135,2,-0.3622302488188716
-0.8419517172565273,0.8882769585016462,0.8700061695777261,5,1.403288507331358
-0.8419517172565273,1.590219957317602,-1.953022699258553,5,0.8403804499370086
-0.8419517172565273,0.8882769585016462,0.8700061695777261,5,1.403288507331358
1.0676294971397202,-0.5156090391302657,-0.5415082648404135,1,-0.7987953070636212
-0.8419517172565273,0.8882769585016462,0.8700061695777261,5,1.403288507331358
1.0676294971397202,0.1863339596856902,-0.5415082648404135,2,-0.1358944821243367
-0.8419517172565273,1.590219957317602,0.1642489523686563,4,0.924346312158794
-0.8419517172565273,0.8882769585016462,0.8700061695777261,5,1.403288507331358
-0.8419517172565273,1.590219957317602,1.575763386786796,4,1.298567667746057
1.0676294971397202,-1.2175520379462217,-1.2472654820494833,1,-1.1714406386374285
-1.796742324454651,-1.2175520379462217,-1.953022699258553,1,-2.037558616514665
1.0676294971397202,-1.2175520379462217,-0.5415082648404135,1,-0.9843299608437972
0.1128388899415964,0.1863339596856902,-0.5415082648404135,2,-0.3622302488188716
1.0676294971397202,-0.5156090391302657,-0.5415082648404135,1,-0.7987953070636212
1.0676294971397202,-1.2175520379462217,-1.2472654820494833,1,-1.1714406386374285
1.0676294971397202,0.1863339596856902,-0.5415082648404135,3,0.3414716890347721
-0.8419517172565273,0.8882769585016462,0.8700061695777261,5,1.403288507331358
1.0676294971397202,-1.2175520379462217,-0.5415082648404135,1,-0.9843299608437972
-0.8419517172565273,0.8882769585016462,0.8700061695777261,5,1.403288507331358
1.0676294971397202,-1.2175520379462217,-0.5415082648404135,1,-0.9843299608437972
-0.8419517172565273,1.590219957317602,0.8700061695777261,4,1.1114569899524254
1.0676294971397202,0.1863339596856902,0.1642489523686563,2,0.051216195669294744
1.0676294971397202,-0.5156090391302657,-1.2472654820494833,1,-0.9859059848572526
-0.8419517172565273,1.590219957317602,1.575763386786796,4,1.298567667746057
-0.8419517172565273,-1.2175520379462217,-0.5415082648404135,2,-0.9596353230737585
1.0676294971397202,-0.5156090391302657,-0.5415082648404135,3,0.15593703525459607
-0.8419517172565273,0.8882769585016462,1.575763386786796,4,1.1130330139658808
1.0676294971397202,-0.5156090391302657,-0.5415082648404135,1,-0.7987953070636212
-0.8419517172565273,-1.9194950367621777,-0.5415082648404135,1,-1.6225361480130431
-0.8419517172565273,0.8882769585016462,0.8700061695777261,4,0.9259223361722495
0.1128388899415964,0.1863339596856902,-0.5415082648404135,3,0.1151359223402369
1.0676294971397202,-1.2175520379462217,-1.2472654820494833,1,-1.1714406386374285
0.1128388899415964,0.1863339596856902,-0.5415082648404135,2,-0.3622302488188716
0.1128388899415964,-0.5156090391302657,-0.5415082648404135,3,-0.07039873143993888
1.0676294971397202,-1.2175520379462217,-1.2472654820494833,1,-1.1714406386374285
-0.8419517172565273,1.590219957317602,0.8700061695777261,4,1.1114569899524254
1.0676294971397202,-1.2175520379462217,-1.2472654820494833,1,-1.1714406386374285
1.0676294971397202,-0.5156090391302657,-0.5415082648404135,1,-0.7987953070636212
1.0676294971397202,-1.2175520379462217,-0.5415082648404135,1,-0.9843299608437972
1.0676294971397202,-0.5156090391302657,-0.5415082648404135,1,-0.7987953070636212
-0.8419517172565273,1.590219957317602,0.8700061695777261,4,1.1114569899524254
-0.8419517172565273,1.590219957317602,1.575763386786796,4,1.298567667746057
1.0676294971397202,-0.5156090391302657,-0.5415082648404135,1,-0.7987953070636212
-0.8419517172565273,0.8882769585016462,0.8700061695777261,4,0.9259223361722495
1.0676294971397202,-1.2175520379462217,-1.2472654820494833,1,-1.1714406386374285
0.1128388899415964,0.1863339596856902,-0.5415082648404135,2,-0.3622302488188716
1.0676294971397202,-0.5156090391302657,-0.5415082648404135,1,-0.7987953070636212
1.0676294971397202,-0.5156090391302657,-0.5415082648404135,1,-0.7987953070636212
0.1128388899415964,0.1863339596856902,0.1642489523686563,3,0.30224660013386845
1.0676294971397202,-0.5156090391302657,-0.5415082648404135,1,-0.7987953070636212
-0.8419517172565273,0.8882769585016462,1.575763386786796,5,1.5903991851249897
0.1128388899415964,-0.5156090391302657,-0.5415082648404135,3,-0.07039873143993888
1.0676294971397202,-0.5156090391302657,0.1642489523686563,2,-0.13431845811088117
1.0676294971397202,-0.5156090391302657,0.1642489523686563,2,-0.13431845811088117
1.0676294971397202,-0.5156090391302657,-1.2472654820494833,1,-0.9859059848572526
1.0676294971397202,-1.2175520379462217,-1.2472654820494833,1,-1.1714406386374285
1.0676294971397202,-1.2175520379462217,-0.5415082648404135,1,-0.9843299608437972
1.0676294971397202,-0.5156090391302657,-0.5415082648404135,1,-0.7987953070636212
-0.8419517172565273,0.8882769585016462,1.575763386786796,2,0.15830067164766348
1.0676294971397202,-1.2175520379462217,-0.5415082648404135,1,-0.9843299608437972
1.0676294971397202,-0.5156090391302657,0.1642489523686563,3,0.3430477130482276
-1.796742324454651,-1.2175520379462217,0.8700061695777261,1,-1.2891159053401393
1.0676294971397202,-1.2175520379462217,-0.5415082648404135,1,-0.9843299608437972
-0.8419517172565273,1.590219957317602,0.8700061695777261,5,1.5888231611115338
1.0676294971397202,0.1863339596856902,-0.5415082648404135,2,-0.1358944821243367
1.0676294971397202,-0.5156090391302657,-0.5415082648404135,3,0.15593703525459607
-0.8419517172565273,-1.2175520379462217,1.575763386786796,2,-0.3983032896928644
1.0676294971397202,-1.2175520379462217,-1.2472654820494833,1,-1.1714406386374285
-0.8419517172565273,0.8882769585016462,0.8700061695777261,4,0.9259223361722495
1.0676294971397202,-0.5156090391302657,-0.5415082648404135,1,-0.7987953070636212
1.0676294971397202,-0.5156090391302657,-1.2472654820494833,1,-0.9859059848572526
-0.8419517172565273,1.590219957317602,0.8700061695777261,4,1.1114569899524254
-0.8419517172565273,1.590219957317602,1.575763386786796,4,1.298567667746057
-0.8419517172565273,1.590219957317602,1.575763386786796,4,1.298567667746057
1.0676294971397202,-0.5156090391302657,-1.2472654820494833,1,-0.9859059848572526
0.1128388899415964,-0.5156090391302657,0.1642489523686563,2,-0.36065422480541626
-0.8419517172565273,0.8882769585016462,0.8700061695777261,4,0.9259223361722495
1.0676294971397202,-0.5156090391302657,-0.5415082648404135,1,-0.7987953070636212
0.1128388899415964,0.1863339596856902,0.1642489523686563,2,-0.1751195710252402
-0.8419517172565273,0.8882769585016462,1.575763386786796,5,1.5903991851249897
1.0676294971397202,-0.5156090391302657,-0.5415082648404135,1,-0.7987953070636212
1.0676294971397202,-0.5156090391302657,0.1642489523686563,2,-0.13431845811088117
0.1128388899415964,0.1863339596856902,-0.5415082648404135,3,0.1151359223402369
1.0676294971397202,-0.5156090391302657,0.1642489523686563,3,0.3430477130482276
-0.8419517172565273,0.8882769585016462,1.575763386786796,5,1.5903991851249897
1.0676294971397202,-0.5156090391302657,0.1642489523686563,3,0.3430477130482276
-0.8419517172565273,1.590219957317602,0.8700061695777261,4,1.1114569899524254
0.1128388899415964,0.1863339596856902,0.1642489523686563,3,0.30224660013386845
-0.8419517172565273,1.590219957317602,1.575763386786796,4,1.298567667746057
-0.8419517172565273,1.590219957317602,0.8700061695777261,4,1.1114569899524254
-0.8419517172565273,-1.9194950367621777,-1.2472654820494833,0,-2.287012996965783
-0.8419517172565273,-0.5156090391302657,0.1642489523686563,1,-1.0643561626590599
-1.796742324454651,0.1863339596856902,0.1642489523686563,2,-0.6277911044143102
-0.8419517172565273,0.8882769585016462,0.8700061695777261,5,1.403288507331358
-0.8419517172565273,0.8882769585016462,1.575763386786796,5,1.5903991851249897
1.0676294971397202,-1.2175520379462217,-1.2472654820494833,1,-1.1714406386374285
0.1128388899415964,0.1863339596856902,-0.5415082648404135,3,0.1151359223402369
-1.796742324454651,0.1863339596856902,1.575763386786796,1,-0.7309359199861561
-1.796742324454651,-1.2175520379462217,0.1642489523686563,0,-1.9535927542928793
1.0676294971397202,-0.5156090391302657,-0.5415082648404135,2,-0.3214291359045126
0.1128388899415964,0.1863339596856902,0.1642489523686563,2,-0.1751195710252402
1.0676294971397202,-1.2175520379462217,-1.2472654820494833,1,-1.1714406386374285
1.0676294971397202,-1.2175520379462217,-1.2472654820494833,1,-1.1714406386374285
-0.8419517172565273,0.8882769585016462,1.575763386786796,4,1.1130330139658808
1.0676294971397202,-1.2175520379462217,-0.5415082648404135,1,-0.9843299608437972
-0.8419517172565273,1.590219957317602,1.575763386786796,4,1.298567667746057
-0.8419517172565273,0.8882769585016462,1.575763386786796,5,1.5903991851249897
1.0676294971397202,-0.5156090391302657,-1.2472654820494833,1,-0.9859059848572526
-0.8419517172565273,0.8882769585016462,1.575763386786796,5,1.5903991851249897
1.0676294971397202,-0.5156090391302657,-1.2472654820494833,1,-0.9859059848572526
0.1128388899415964,-0.5156090391302657,-0.5415082648404135,3,-0.07039873143993888
-0.8419517172565273,-1.9194950367621777,-0.5415082648404135,1,-1.6225361480130431
-0.8419517172565273,0.8882769585016462,0.8700061695777261,4,0.9259223361722495
0.1128388899415964,0.1863339596856902,0.1642489523686563,3,0.30224660013386845
-0.8419517172565273,1.590219957317602,1.575763386786796,5,1.7759338389051655
-0.8419517172565273,0.8882769585016462,0.8700061695777261,5,1.403288507331358
1.0676294971397202,0.1863339596856902,-0.5415082648404135,3,0.3414716890347721
1.0676294971397202,-0.5156090391302657,-0.5415082648404135,1,-0.7987953070636212
-0.8419517172565273,0.8882769585016462,0.8700061695777261,5,1.403288507331358
1.0676294971397202,-1.2175520379462217,-0.5415082648404135,1,-0.9843299608437972
0.1128388899415964,-0.5156090391302657,-0.5415082648404135,3,-0.07039873143993888
0.1128388899415964,-0.5156090391302657,0.1642489523686563,3,0.11671194635369242
-0.8419517172565273,-0.5156090391302657,1.575763386786796,2,-0.21276863591268833
0.1128388899415964,0.1863339596856902,0.1642489523686563,2,-0.1751195710252402
1.0676294971397202,-0.5156090391302657,-0.5415082648404135,1,-0.7987953070636212
-0.8419517172565273,-1.2175520379462217,0.1642489523686563,2,-0.7725246452801271
1.0676294971397202,-0.5156090391302657,-0.5415082648404135,3,0.15593703525459607
1.0676294971397202,-1.2175520379462217,-0.5415082648404135,1,-0.9843299608437972
1.0676294971397202,-0.5156090391302657,-0.5415082648404135,2,-0.3214291359045126
-0.8419517172565273,1.590219957317602,-0.5415082648404135,5,1.214601805524271
1.0676294971397202,-0.5156090391302657,-0.5415082648404135,2,-0.3214291359045126
1.0676294971397202,-0.5156090391302657,0.1642489523686563,3,0.3430477130482276
-0.8419517172565273,1.590219957317602,-1.953022699258553,0,-1.5464504058585349
1.0676294971397202,-0.5156090391302657,-1.2472654820494833,1,-0.9859059848572526
-0.8419517172565273,1.590219957317602,0.8700061695777261,4,1.1114569899524254
1.0676294971397202,-1.2175520379462217,-1.2472654820494833,1,-1.1714406386374285
0.1128388899415964,-0.5156090391302657,0.1642489523686563,2,-0.36065422480541626
-0.8419517172565273,-1.9194950367621777,-0.5415082648404135,2,-1.1451699768539345
-1.796742324454651,-1.2175520379462217,1.575763386786796,0,-1.5793713987056166
1.0676294971397202,-0.5156090391302657,-0.5415082648404135,2,-0.3214291359045126
1.0676294971397202,-0.5156090391302657,-1.2472654820494833,1,-0.9859059848572526
-0.8419517172565273,-0.5156090391302657,0.1642489523686563,1,-1.0643561626590599
1.0676294971397202,-1.2175520379462217,-0.5415082648404135,1,-0.9843299608437972
0.1128388899415964,0.1863339596856902,-0.5415082648404135,2,-0.3622302488188716
-0.8419517172565273,0.8882769585016462,1.575763386786796,4,1.1130330139658808
0.1128388899415964,-0.5156090391302657,0.1642489523686563,2,-0.36065422480541626
-0.8419517172565273,0.8882769585016462,0.8700061695777261,5,1.403288507331358
1.0676294971397202,-0.5156090391302657,-0.5415082648404135,1,-0.7987953070636212
1.0676294971397202,0.1863339596856902,0.1642489523686563,2,0.051216195669294744
1.0676294971397202,0.1863339596856902,0.1642489523686563,3,0.5285823668284034
-0.8419517172565273,1.590219957317602,0.8700061695777261,4,1.1114569899524254
-0.8419517172565273,0.8882769585016462,0.8700061695777261,4,0.9259223361722495
0.1128388899415964,0.1863339596856902,-0.5415082648404135,2,-0.3622302488188716
1.0676294971397202,-0.5156090391302657,-0.5415082648404135,1,-0.7987953070636212
1.0676294971397202,0.1863339596856902,0.1642489523686563,3,0.5285823668284034
1.0676294971397202,-0.5156090391302657,-0.5415082648404135,1,-0.7987953070636212
1.0676294971397202,-0.5156090391302657,-0.5415082648404135,1,-0.7987953070636212
1.0676294971397202,-0.5156090391302657,0.1642489523686563,2,-0.13431845811088117
-0.8419517172565273,0.1863339596856902,1.575763386786796,3,0.45013218902659613
-0.8419517172565273,1.590219957317602,0.8700061695777261,5,1.5888231611115338
0.1128388899415964,-0.5156090391302657,-0.5415082648404135,3,-0.07039873143993888
1.0676294971397202,-1.2175520379462217,-0.5415082648404135,1,-0.9843299608437972
-0.8419517172565273,0.8882769585016462,1.575763386786796,4,1.1130330139658808
1.0676294971397202,-0.5156090391302657,-0.5415082648404135,3,0.15593703525459607
1.0676294971397202,-1.2175520379462217,-0.5415082648404135,1,-0.9843299608437972
1.0676294971397202,0.1863339596856902,-0.5415082648404135,2,-0.1358944821243367
0.1128388899415964,-0.5156090391302657,0.1642489523686563,3,0.11671194635369242
1.0676294971397202,-0.5156090391302657,-1.2472654820494833,1,-0.9859059848572526
-0.8419517172565273,-1.2175520379462217,-1.953022699258553,0,-2.2885890209792388
1.0676294971397202,-0.5156090391302657,-0.5415082648404135,2,-0.3214291359045126
1.0676294971397202,-1.2175520379462217,-1.2472654820494833,1,-1.1714406386374285
1.0676294971397202,-0.5156090391302657,-1.2472654820494833,1,-0.9859059848572526
-0.8419517172565273,1.590219957317602,1.575763386786796,4,1.298567667746057
-0.8419517172565273,0.8882769585016462,0.8700061695777261,4,0.9259223361722495
-0.8419517172565273,1.590219957317602,1.575763386786796,4,1.298567667746057
-1.796742324454651,-1.9194950367621777,0.8700061695777261,4,-0.04255204564298934
-0.8419517172565273,0.8882769585016462,0.1642489523686563,4,0.738811658378618
1.0676294971397202,-1.2175520379462217,-1.2472654820494833,1,-1.1714406386374285
-0.8419517172565273,0.8882769585016462,1.575763386786796,4,1.1130330139658808
0.1128388899415964,-0.5156090391302657,0.1642489523686563,3,0.11671194635369242
1.0676294971397202,-0.5156090391302657,-1.2472654820494833,1,-0.9859059848572526
-1.796742324454651,-0.5156090391302657,0.8700061695777261,3,-0.14884890924174618
-0.8419517172565273,0.8882769585016462,1.575763386786796,5,1.5903991851249897
0.1128388899415964,0.1863339596856902,-0.5415082648404135,3,0.1151359223402369
1.0676294971397202,-1.2175520379462217,-0.5415082648404135,1,-0.9843299608437972
1.0676294971397202,0.1863339596856902,0.1642489523686563,3,0.5285823668284034
-0.8419517172565273,0.8882769585016462,1.575763386786796,4,1.1130330139658808
-0.8419517172565273,0.8882769585016462,-1.2472654820494833,1,-1.0675082106859706
0.1128388899415964,-0.5156090391302657,-0.5415082648404135,3,-0.07039873143993888
-1.796742324454651,-1.2175520379462217,-1.953022699258553,5,-0.12809393187823034
1.0676294971397202,-0.5156090391302657,-0.5415082648404135,2,-0.3214291359045126
-1.796742324454651,-1.9194950367621777,-1.953022699258553,4,-0.7909947568175151
-0.8419517172565273,1.590219957317602,1.575763386786796,4,1.298567667746057
-0.8419517172565273,1.590219957317602,0.8700061695777261,4,1.1114569899524254
1.0676294971397202,-0.5156090391302657,-1.2472654820494833,1,-0.9859059848572526
1.0676294971397202,-0.5156090391302657,0.1642489523686563,2,-0.13431845811088117
-0.8419517172565273,1.590219957317602,-0.5415082648404135,3,0.25986946320605375
-0.8419517172565273,0.8882769585016462,1.575763386786796,4,1.1130330139658808
-0.8419517172565273,0.8882769585016462,0.8700061695777261,5,1.403288507331358
-0.8419517172565273,1.590219957317602,1.575763386786796,5,1.7759338389051655
0.1128388899415964,-0.5156090391302657,-0.5415082648404135,3,-0.07039873143993888
-0.8419517172565273,1.590219957317602,-1.953022699258553,0,-1.5464504058585349
-0.8419517172565273,1.590219957317602,0.8700061695777261,5,1.5888231611115338
-0.8419517172565273,0.8882769585016462,0.8700061695777261,5,1.403288507331358
-0.8419517172565273,1.590219957317602,1.575763386786796,5,1.7759338389051655
-0.8419517172565273,0.8882769585016462,0.8700061695777261,4,0.9259223361722495
-0.8419517172565273,0.8882769585016462,-1.2472654820494833,1,-1.0675082106859706
1.0676294971397202,-0.5156090391302657,-0.5415082648404135,2,-0.3214291359045126
-0.8419517172565273,-0.5156090391302657,-0.5415082648404135,3,-0.29673449813447383
1.0676294971397202,-0.5156090391302657,-0.5415082648404135,1,-0.7987953070636212
0.1128388899415964,-0.5156090391302657,-0.5415082648404135,3,-0.07039873143993888
1.0676294971397202,-0.5156090391302657,-0.5415082648404135,1,-0.7987953070636212
-0.8419517172565273,0.8882769585016462,0.8700061695777261,4,0.9259223361722495
1.0676294971397202,-0.5156090391302657,-0.5415082648404135,3,0.15593703525459607
0.1128388899415964,0.1863339596856902,0.1642489523686563,3,0.30224660013386845
1.0676294971397202,-1.2175520379462217,-1.2472654820494833,1,-1.1714406386374285
-1.796742324454651,-0.5156090391302657,0.8700061695777261,3,-0.14884890924174618
-0.8419517172565273,-1.2175520379462217,-1.953022699258553,4,-0.37912433634280407
1.0676294971397202,0.1863339596856902,0.1642489523686563,3,0.5285823668284034
0.1128388899415964,-0.5156090391302657,-0.5415082648404135,2,-0.5477649025990475
-0.8419517172565273,0.8882769585016462,0.8700061695777261,5,1.403288507331358
1.0676294971397202,-1.2175520379462217,-0.5415082648404135,1,-0.9843299608437972
0.1128388899415964,-0.5156090391302657,-0.5415082648404135,3,-0.07039873143993888
-0.8419517172565273,-1.9194950367621777,0.8700061695777261,5,0.6611498922106542
0.1128388899415964,0.1863339596856902,-0.5415082648404135,2,-0.3622302488188716
0.1128388899415964,0.1863339596856902,0.1642489523686563,2,-0.1751195710252402
0.1128388899415964,0.1863339596856902,-0.5415082648404135,2,-0.3622302488188716
1.0676294971397202,-0.5156090391302657,-1.2472654820494833,1,-0.9859059848572526
1.0676294971397202,-0.5156090391302657,-1.2472654820494833,1,-0.9859059848572526
1.0676294971397202,-1.2175520379462217,-0.5415082648404135,1,-0.9843299608437972
0.1128388899415964,-0.5156090391302657,0.1642489523686563,3,0.11671194635369242
-0.8419517172565273,1.590219957317602,1.575763386786796,4,1.298567667746057
-0.8419517172565273,1.590219957317602,1.575763386786796,5,1.7759338389051655
-0.8419517172565273,1.590219957317602,1.575763386786796,5,1.7759338389051655
1.0676294971397202,0.1863339596856902,0.1642489523686563,3,0.5285823668284034
1.0676294971397202,-0.5156090391302657,-0.5415082648404135,3,0.15593703525459607
1.0676294971397202,-1.2175520379462217,-1.2472654820494833,1,-1.1714406386374285
0.1128388899415964,0.1863339596856902,-0.5415082648404135,2,-0.3622302488188716
-1.796742324454651,-1.9194950367621777,0.1642489523686563,0,-2.1391274080730556
1.0676294971397202,0.1863339596856902,-0.5415082648404135,2,-0.1358944821243367
1.0676294971397202,-0.5156090391302657,-0.5415082648404135,3,0.15593703525459607
1.0676294971397202,-1.2175520379462217,-0.5415082648404135,1,-0.9843299608437972
1.0676294971397202,-0.5156090391302657,-1.2472654820494833,1,-0.9859059848572526
1.0676294971397202,-0.5156090391302657,-0.5415082648404135,1,-0.7987953070636212
-0.8419517172565273,0.8882769585016462,0.8700061695777261,5,1.403288507331358
-0.8419517172565273,1.590219957317602,0.8700061695777261,5,1.5888231611115338
1.0676294971397202,-0.5156090391302657,-1.2472654820494833,1,-0.9859059848572526
-0.8419517172565273,1.590219957317602,0.8700061695777261,4,1.1114569899524254
1.0676294971397202,0.1863339596856902,0.1642489523686563,2,0.051216195669294744
-0.8419517172565273,-1.9194950367621777,-1.2472654820494833,0,-2.287012996965783
1.0676294971397202,0.1863339596856902,0.1642489523686563,3,0.5285823668284034
1.0676294971397202,-1.2175520379462217,-0.5415082648404135,1,-0.9843299608437972
-1.796742324454651,-1.9194950367621777,-0.5415082648404135,3,-0.8941395723893608
1.0676294971397202,-0.5156090391302657,-1.2472654820494833,1,-0.9859059848572526
1.0676294971397202,-0.5156090391302657,-1.2472654820494833,1,-0.9859059848572526
1.0676294971397202,0.1863339596856902,-0.5415082648404135,2,-0.1358944821243367
-1.796742324454651,-0.5156090391302657,-1.953022699258553,3,-0.8972916204162716
1.0676294971397202,-1.2175520379462217,-1.2472654820494833,1,-1.1714406386374285
1.0676294971397202,-0.5156090391302657,-0.5415082648404135,3,0.15593703525459607
1.0676294971397202,-0.5156090391302657,-0.5415082648404135,1,-0.7987953070636212
1.0676294971397202,0.1863339596856902,0.1642489523686563,3,0.5285823668284034
1.0676294971397202,-0.5156090391302657,0.1642489523686563,3,0.3430477130482276
0.1128388899415964,-0.5156090391302657,-0.5415082648404135,3,-0.07039873143993888
1.0676294971397202,0.1863339596856902,0.1642489523686563,2,0.051216195669294744
-0.8419517172565273,0.8882769585016462,1.575763386786796,5,1.5903991851249897
1.0676294971397202,-1.2175520379462217,-1.2472654820494833,1,-1.1714406386374285
1.0676294971397202,-0.5156090391302657,-0.5415082648404135,1,-0.7987953070636212
0.1128388899415964,-0.5156090391302657,0.1642489523686563,2,-0.36065422480541626
1.0676294971397202,-1.2175520379462217,-1.2472654820494833,1,-1.1714406386374285
-0.8419517172565273,1.590219957317602,0.8700061695777261,4,1.1114569899524254
-0.8419517172565273,0.8882769585016462,0.8700061695777261,4,0.9259223361722495
1.0676294971397202,-1.2175520379462217,-0.5415082648404135,1,-0.9843299608437972
-1.796742324454651,-1.2175520379462217,-0.5415082648404135,5,0.2461274237090325
-0.8419517172565273,0.8882769585016462,1.575763386786796,4,1.1130330139658808
-0.8419517172565273,0.8882769585016462,1.575763386786796,5,1.5903991851249897
-1.796742324454651,-0.5156090391302657,-0.5415082648404135,1,-1.477802607147226
1.0676294971397202,-0.5156090391302657,-0.5415082648404135,2,-0.3214291359045126
-0.8419517172565273,0.8882769585016462,0.8700061695777261,4,0.9259223361722495
1.0676294971397202,-0.5156090391302657,-0.5415082648404135,1,-0.7987953070636212
-0.8419517172565273,0.8882769585016462,1.575763386786796,5,1.5903991851249897
-0.8419517172565273,1.590219957317602,0.8700061695777261,4,1.1114569899524254
-0.8419517172565273,0.1863339596856902,-1.953022699258553,2,-0.9627873711006695
-0.8419517172565273,1.590219957317602,1.575763386786796,5,1.7759338389051655
-1.796742324454651,-1.2175520379462217,0.8700061695777261,3,-0.33438356302192196
1.0676294971397202,-0.5156090391302657,-0.5415082648404135,1,-0.7987953070636212
-0.8419517172565273,1.590219957317602,1.575763386786796,5,1.7759338389051655
-0.8419517172565273,0.8882769585016462,1.575763386786796,4,1.1130330139658808
-0.8419517172565273,-1.2175520379462217,1.575763386786796,3,0.07906288146624428
1.0676294971397202,-0.5156090391302657,-0.5415082648404135,1,-0.7987953070636212
1.0676294971397202,-0.5156090391302657,-0.5415082648404135,1,-0.7987953070636212
-1.796742324454651,-1.9194950367621777,0.8700061695777261,3,-0.519918216802098
-0.8419517172565273,0.8882769585016462,0.8700061695777261,5,1.403288507331358
-1.796742324454651,0.1863339596856902,1.575763386786796,3,0.22379642233206115
-0.8419517172565273,-1.9194950367621777,0.8700061695777261,5,0.6611498922106542
1.0676294971397202,0.1863339596856902,-0.5415082648404135,3,0.3414716890347721
0.1128388899415964,0.1863339596856902,0.1642489523686563,2,-0.1751195710252402
-0.8419517172565273,-1.9194950367621777,-1.953022699258553,4,-0.5646589901229798
1.0676294971397202,-1.2175520379462217,-0.5415082648404135,1,-0.9843299608437972
0.1128388899415964,0.1863339596856902,0.1642489523686563,3,0.30224660013386845
-1.796742324454651,-1.2175520379462217,-1.2472654820494833,5,0.059016745915401216
-0.8419517172565273,1.590219957317602,0.8700061695777261,5,1.5888231611115338
1.0676294971397202,-0.5156090391302657,-1.2472654820494833,1,-0.9859059848572526
-0.8419517172565273,-1.9194950367621777,-0.5415082648404135,1,-1.6225361480130431
1.0676294971397202,-0.5156090391302657,-1.2472654820494833,1,-0.9859059848572526
0.1128388899415964,-0.5156090391302657,0.1642489523686563,3,0.11671194635369242
-0.8419517172565273,0.8882769585016462,0.8700061695777261,5,1.403288507331358
1.0676294971397202,0.1863339596856902,-0.5415082648404135,3,0.3414716890347721
1.0676294971397202,-0.5156090391302657,-1.2472654820494833,1,-0.9859059848572526
1.0676294971397202,-0.5156090391302657,-0.5415082648404135,3,0.15593703525459607
-0.8419517172565273,-0.5156090391302657,0.1642489523686563,3,-0.10962382034084253
-1.796742324454651,0.8882769585016462,0.8700061695777261,2,-0.2551457728405029
1.0676294971397202,-1.2175520379462217,-1.2472654820494833,1,-1.1714406386374285
1.0676294971397202,-0.5156090391302657,-1.2472654820494833,1,-0.9859059848572526
-0.8419517172565273,0.8882769585016462,1.575763386786796,4,1.1130330139658808
1.0676294971397202,-1.2175520379462217,-0.5415082648404135,1,-0.9843299608437972
1.0676294971397202,-1.2175520379462217,-0.5415082648404135,1,-0.9843299608437972
0.1128388899415964,-0.5156090391302657,0.1642489523686563,3,0.11671194635369242
-0.8419517172565273,0.8882769585016462,-1.953022699258553,2,-0.7772527173204935
1.0676294971397202,-0.5156090391302657,-0.5415082648404135,1,-0.7987953070636212
-0.8419517172565273,1.590219957317602,1.575763386786796,5,1.7759338389051655
-0.8419517172565273,1.590219957317602,1.575763386786796,4,1.298567667746057
-0.8419517172565273,-0.5156090391302657,-1.953022699258553,0,-2.1030543671990625
0.1128388899415964,0.1863339596856902,0.1642489523686563,3,0.30224660013386845
1.0676294971397202,-0.5156090391302657,-0.5415082648404135,1,-0.7987953070636212
1.0676294971397202,-1.2175520379462217,-1.2472654820494833,1,-1.1714406386374285
-0.8419517172565273,1.590219957317602,1.575763386786796,5,1.7759338389051655
0.1128388899415964,-0.5156090391302657,-0.5415082648404135,2,-0.5477649025990475
0.1128388899415964,-0.5156090391302657,-0.5415082648404135,3,-0.07039873143993888
1.0676294971397202,-0.5156090391302657,-0.5415082648404135,1,-0.7987953070636212
1.0676294971397202,-0.5156090391302657,-0.5415082648404135,1,-0.7987953070636212
1.0676294971397202,-0.5156090391302657,-0.5415082648404135,1,-0.7987953070636212
0.1128388899415964,-0.5156090391302657,-0.5415082648404135,2,-0.5477649025990475
1.0676294971397202,-0.5156090391302657,-1.2472654820494833,1,-0.9859059848572526
1.0676294971397202,0.1863339596856902,0.1642489523686563,2,0.051216195669294744
-0.8419517172565273,-0.5156090391302657,-0.5415082648404135,1,-1.2514668404526912
1.0676294971397202,-0.5156090391302657,-1.2472654820494833,1,-0.9859059848572526
-1.796742324454651,1.590219957317602,0.8700061695777261,0,-1.0243434613785443
-0.8419517172565273,1.590219957317602,0.8700061695777261,5,1.5888231611115338
1.0676294971397202,0.1863339596856902,0.1642489523686563,2,0.051216195669294744
-0.8419517172565273,0.8882769585016462,0.8700061695777261,4,0.9259223361722495
-0.8419517172565273,1.590219957317602,0.8700061695777261,4,1.1114569899524254
-0.8419517172565273,1.590219957317602,1.575763386786796,4,1.298567667746057
-0.8419517172565273,0.8882769585016462,1.575763386786796,4,1.1130330139658808
-0.8419517172565273,1.590219957317602,0.8700061695777261,4,1.1114569899524254
-0.8419517172565273,1.590219957317602,1.575763386786796,4,1.298567667746057
-0.8419517172565273,0.8882769585016462,1.575763386786796,5,1.5903991851249897
-0.8419517172565273,1.590219957317602,1.575763386786796,4,1.298567667746057
1.0676294971397202,-0.5156090391302657,-0.5415082648404135,2,-0.3214291359045126
1.0676294971397202,-0.5156090391302657,-0.5415082648404135,3,0.15593703525459607
1.0676294971397202,0.1863339596856902,0.1642489523686563,3,0.5285823668284034
-0.8419517172565273,1.590219957317602,0.8700061695777261,5,1.5888231611115338
-0.8419517172565273,1.590219957317602,0.8700061695777261,5,1.5888231611115338
-0.8419517172565273,1.590219957317602,0.8700061695777261,5,1.5888231611115338
1.0676294971397202,-1.2175520379462217,-1.2472654820494833,1,-1.1714406386374285
1.0676294971397202,0.1863339596856902,-0.5415082648404135,2,-0.1358944821243367
1.0676294971397202,-1.2175520379462217,-1.2472654820494833,1,-1.1714406386374285
1.0676294971397202,-0.5156090391302657,-0.5415082648404135,1,-0.7987953070636212
-1.796742324454651,-1.9194950367621777,-1.953022699258553,3,-1.2683609279766237
1.0676294971397202,0.1863339596856902,-0.5415082648404135,2,-0.1358944821243367
0.1128388899415964,0.1863339596856902,0.1642489523686563,3,0.30224660013386845
1.0676294971397202,-1.2175520379462217,-1.2472654820494833,1,-1.1714406386374285
0.1128388899415964,-0.5156090391302657,-0.5415082648404135,2,-0.5477649025990475
1.0676294971397202,-0.5156090391302657,-0.5415082648404135,1,-0.7987953070636212
-1.796742324454651,0.1863339596856902,-1.2472654820494833,4,-0.047280117683355626
1.0676294971397202,-0.5156090391302657,-1.2472654820494833,1,-0.9859059848572526
1.0676294971397202,-1.2175520379462217,-1.2472654820494833,1,-1.1714406386374285
1.0676294971397202,-0.5156090391302657,-0.5415082648404135,1,-0.7987953070636212
1.0676294971397202,-0.5156090391302657,-0.5415082648404135,1,-0.7987953070636212
-0.8419517172565273,0.8882769585016462,0.8700061695777261,5,1.403288507331358
-0.8419517172565273,0.8882769585016462,0.1642489523686563,0,-1.1706530262578165
1.0676294971397202,-0.5156090391302657,0.1642489523686563,3,0.3430477130482276
-0.8419517172565273,0.8882769585016462,1.575763386786796,4,1.1130330139658808
-0.8419517172565273,1.590219957317602,0.8700061695777261,5,1.5888231611115338
1.0676294971397202,0.1863339596856902,-0.5415082648404135,3,0.3414716890347721
1.0676294971397202,-0.5156090391302657,-0.5415082648404135,1,-0.7987953070636212
-0.8419517172565273,1.590219957317602,0.8700061695777261,4,1.1114569899524254
-1.796742324454651,-1.2175520379462217,0.8700061695777261,4,0.14298260813718672
0.1128388899415964,-0.5156090391302657,-0.5415082648404135,3,-0.07039873143993888
1.0676294971397202,-0.5156090391302657,-1.2472654820494833,1,-0.9859059848572526
-0.8419517172565273,1.590219957317602,0.8700061695777261,5,1.5888231611115338
1.0676294971397202,-0.5156090391302657,0.1642489523686563,3,0.3430477130482276
-1.796742324454651,0.8882769585016462,0.8700061695777261,0,-1.2098781151587201
-0.8419517172565273,1.590219957317602,1.575763386786796,4,1.298567667746057
1.0676294971397202,0.1863339596856902,0.1642489523686563,3,0.5285823668284034
1.0676294971397202,-0.5156090391302657,0.1642489523686563,2,-0.13431845811088117
-0.8419517172565273,1.590219957317602,1.575763386786796,4,1.298567667746057
1.0676294971397202,-1.2175520379462217,-0.5415082648404135,1,-0.9843299608437972
1.0676294971397202,0.1863339596856902,0.1642489523686563,2,0.051216195669294744
-0.8419517172565273,1.590219957317602,0.8700061695777261,4,1.1114569899524254
1.0676294971397202,0.1863339596856902,-0.5415082648404135,3,0.3414716890347721
-0.8419517172565273,0.1863339596856902,1.575763386786796,5,1.4048645313448134
-0.8419517172565273,0.8882769585016462,0.8700061695777261,4,0.9259223361722495
1.0676294971397202,-1.2175520379462217,-1.2472654820494833,1,-1.1714406386374285
-0.8419517172565273,-1.2175520379462217,1.575763386786796,1,-0.8756694608519731
1.0676294971397202,-1.2175520379462217,-1.2472654820494833,1,-1.1714406386374285
-0.8419517172565273,0.8882769585016462,1.575763386786796,5,1.5903991851249897
-0.8419517172565273,1.590219957317602,0.8700061695777261,5,1.5888231611115338
-0.8419517172565273,1.590219957317602,1.575763386786796,4,1.298567667746057
-0.8419517172565273,0.8882769585016462,1.575763386786796,4,1.1130330139658808
1.0676294971397202,-0.5156090391302657,-0.5415082648404135,1,-0.7987953070636212
-0.8419517172565273,1.590219957317602,0.8700061695777261,5,1.5888231611115338
-1.796742324454651,0.1863339596856902,-1.2472654820494833,0,-1.9567448023197902
-0.8419517172565273,-0.5156090391302657,0.8700061695777261,0,-1.3546116560245371
-0.8419517172565273,1.590219957317602,1.575763386786796,5,1.7759338389051655
1.0676294971397202,-0.5156090391302657,-0.5415082648404135,1,-0.7987953070636212
-0.8419517172565273,-1.9194950367621777,1.575763386786796,3,-0.10647177231393162
1.0676294971397202,0.1863339596856902,-0.5415082648404135,3,0.3414716890347721
0.1128388899415964,0.1863339596856902,-0.5415082648404135,3,0.1151359223402369
-0.8419517172565273,-1.2175520379462217,-1.2472654820494833,4,-0.1920136585491725
1.0676294971397202,0.1863339596856902,-0.5415082648404135,3,0.3414716890347721
1.0676294971397202,0.1863339596856902,-0.5415082648404135,2,-0.1358944821243367
1.0676294971397202,0.1863339596856902,-0.5415082648404135,3,0.3414716890347721
-0.8419517172565273,1.590219957317602,0.8700061695777261,5,1.5888231611115338
-0.8419517172565273,-1.9194950367621777,0.8700061695777261,4,0.1837837210515456
-0.8419517172565273,1.590219957317602,1.575763386786796,4,1.298567667746057
1.0676294971397202,-0.5156090391302657,-0.5415082648404135,1,-0.7987953070636212
1.0676294971397202,-1.2175520379462217,-1.2472654820494833,1,-1.1714406386374285
-0.8419517172565273,-0.5156090391302657,1.575763386786796,2,-0.21276863591268833
1.0676294971397202,-0.5156090391302657,-0.5415082648404135,1,-0.7987953070636212
-1.796742324454651,-1.2175520379462217,-0.5415082648404135,5,0.2461274237090325
-0.8419517172565273,0.8882769585016462,1.575763386786796,5,1.5903991851249897
0.1128388899415964,-0.5156090391302657,-0.5415082648404135,3,-0.07039873143993888
1.0676294971397202,-0.5156090391302657,-0.5415082648404135,1,-0.7987953070636212
-0.8419517172565273,0.8882769585016462,1.575763386786796,5,1.5903991851249897
1.0676294971397202,-0.5156090391302657,-0.5415082648404135,3,0.15593703525459607
1.0676294971397202,-1.2175520379462217,-1.2472654820494833,1,-1.1714406386374285
-0.8419517172565273,1.590219957317602,0.8700061695777261,4,1.1114569899524254
-1.796742324454651,-1.2175520379462217,-1.953022699258553,1,-2.037558616514665
0.1128388899415964,0.1863339596856902,0.1642489523686563,2,-0.1751195710252402
1.0676294971397202,-1.2175520379462217,-0.5415082648404135,1,-0.9843299608437972
1.0676294971397202,-1.2175520379462217,-0.5415082648404135,1,-0.9843299608437972
1.0676294971397202,-0.5156090391302657,-1.2472654820494833,1,-0.9859059848572526
1.0676294971397202,0.1863339596856902,-0.5415082648404135,3,0.3414716890347721
1.0676294971397202,-1.2175520379462217,-0.5415082648404135,1,-0.9843299608437972
-1.796742324454651,-0.5156090391302657,-0.5415082648404135,0,-1.9551687783063347
-1.796742324454651,-1.2175520379462217,0.8700061695777261,5,0.6203487792962954
1.0676294971397202,-1.2175520379462217,-0.5415082648404135,1,-0.9843299608437972
1.0676294971397202,-0.5156090391302657,-0.5415082648404135,1,-0.7987953070636212
-1.796742324454651,-0.5156090391302657,-1.2472654820494833,2,-1.187547113781749
1.0676294971397202,-1.2175520379462217,-0.5415082648404135,1,-0.9843299608437972
-0.8419517172565273,1.590219957317602,0.8700061695777261,4,1.1114569899524254
0.1128388899415964,0.1863339596856902,-0.5415082648404135,2,-0.3622302488188716
-0.8419517172565273,1.590219957317602,1.575763386786796,5,1.7759338389051655
-0.8419517172565273,0.8882769585016462,0.8700061695777261,4,0.9259223361722495
-0.8419517172565273,1.590219957317602,0.8700061695777261,4,1.1114569899524254
-0.8419517172565273,0.8882769585016462,1.575763386786796,4,1.1130330139658808
-0.8419517172565273,0.1863339596856902,0.8700061695777261,5,1.217753853551182
-0.8419517172565273,1.590219957317602,1.575763386786796,5,1.7759338389051655
1.0676294971397202,-0.5156090391302657,-0.5415082648404135,1,-0.7987953070636212
-1.796742324454651,-1.9194950367621777,0.1642489523686563,5,0.24770344772248803
-0.8419517172565273,1.590219957317602,1.575763386786796,4,1.298567667746057
-0.8419517172565273,-1.9194950367621777,0.1642489523686563,3,-0.48069312790119434
-0.8419517172565273,-0.5156090391302657,0.8700061695777261,4,0.5548530286118977
1.0676294971397202,-1.2175520379462217,-1.2472654820494833,1,-1.1714406386374285
-0.8419517172565273,-1.2175520379462217,-1.2472654820494833,0,-2.1014783431856072
1.0676294971397202,0.1863339596856902,-0.5415082648404135,3,0.3414716890347721
-1.796742324454651,-1.9194950367621777,1.575763386786796,0,-1.7649060524857927
-0.8419517172565273,0.8882769585016462,1.575763386786796,4,1.1130330139658808
-0.8419517172565273,0.8882769585016462,1.575763386786796,4,1.1130330139658808
0.1128388899415964,-0.5156090391302657,-0.5415082648404135,2,-0.5477649025990475
1.0676294971397202,-0.5156090391302657,0.1642489523686563,2,-0.13431845811088117
-0.8419517172565273,1.590219957317602,1.575763386786796,5,1.7759338389051655
1.0676294971397202,-1.2175520379462217,-1.2472654820494833,1,-1.1714406386374285
-0.8419517172565273,1.590219957317602,0.8700061695777261,5,1.5888231611115338
-0.8419517172565273,0.8882769585016462,0.8700061695777261,4,0.9259223361722495
-1.796742324454651,1.590219957317602,-0.5415082648404135,5,0.9882660388297362
-0.8419517172565273,1.590219957317602,0.8700061695777261,5,1.5888231611115338
-0.8419517172565273,1.590219957317602,1.575763386786796,5,1.7759338389051655
1.0676294971397202,-0.5156090391302657,0.1642489523686563,2,-0.13431845811088117
1.0676294971397202,-1.2175520379462217,-1.2472654820494833,1,-1.1714406386374285
1.0676294971397202,-1.2175520379462217,-1.2472654820494833,1,-1.1714406386374285
-1.796742324454651,-1.2175520379462217,0.1642489523686563,5,0.4332381015026638
-1.796742324454651,-0.5156090391302657,-1.2472654820494833,2,-1.187547113781749
-1.796742324454651,-1.2175520379462217,0.8700061695777261,3,-0.33438356302192196
-0.8419517172565273,0.8882769585016462,0.8700061695777261,4,0.9259223361722495
0.1128388899415964,0.1863339596856902,-0.5415082648404135,3,0.1151359223402369
1.0676294971397202,-0.5156090391302657,-1.2472654820494833,1,-0.9859059848572526
-0.8419517172565273,0.8882769585016462,1.575763386786796,4,1.1130330139658808
-0.8419517172565273,-0.5156090391302657,0.8700061695777261,0,-1.3546116560245371
-1.796742324454651,-1.9194950367621777,0.1642489523686563,2,-1.184395065754838
-0.8419517172565273,1.590219957317602,0.8700061695777261,5,1.5888231611115338
-0.8419517172565273,0.8882769585016462,1.575763386786796,5,1.5903991851249897
-0.8419517172565273,1.590219957317602,1.575763386786796,4,1.298567667746057
1.0676294971397202,-1.2175520379462217,-0.5415082648404135,1,-0.9843299608437972
-0.8419517172565273,0.1863339596856902,-0.5415082648404135,2,-0.5885660155134067
-1.796742324454651,0.8882769585016462,-0.5415082648404135,0,-1.584099470745983
1.0676294971397202,-0.5156090391302657,0.1642489523686563,2,-0.13431845811088117
-0.8419517172565273,0.8882769585016462,0.8700061695777261,4,0.9259223361722495
-0.8419517172565273,1.590219957317602,1.575763386786796,5,1.7759338389051655
1.0676294971397202,0.1863339596856902,0.1642489523686563,2,0.051216195669294744
-1.796742324454651,-1.2175520379462217,0.1642489523686563,3,-0.5214942408155534
-0.8419517172565273,0.1863339596856902,0.1642489523686563,0,-1.3561876800379924
0.1128388899415964,0.1863339596856902,0.1642489523686563,3,0.30224660013386845
-1.796742324454651,0.8882769585016462,1.575763386786796,0,-1.0227674373650888
1.0676294971397202,-1.2175520379462217,-0.5415082648404135,1,-0.9843299608437972
0.1128388899415964,-0.5156090391302657,0.1642489523686563,3,0.11671194635369242
-0.8419517172565273,1.590219957317602,1.575763386786796,4,1.298567667746057
1.0676294971397202,-1.2175520379462217,-0.5415082648404135,1,-0.9843299608437972
-0.8419517172565273,0.8882769585016462,1.575763386786796,5,1.5903991851249897
1.0676294971397202,-0.5156090391302657,-1.2472654820494833,1,-0.9859059848572526
-1.796742324454651,1.590219957317602,-1.2472654820494833,5,0.8011553610361049
-0.8419517172565273,0.8882769585016462,1.575763386786796,4,1.1130330139658808
1.0676294971397202,-1.2175520379462217,-1.2472654820494833,1,-1.1714406386374285
0.1128388899415964,-0.5156090391302657,0.1642489523686563,2,-0.36065422480541626
0.1128388899415964,-0.5156090391302657,0.1642489523686563,2,-0.36065422480541626
-0.8419517172565273,1.590219957317602,0.8700061695777261,4,1.1114569899524254
-1.796742324454651,-0.5156090391302657,0.8700061695777261,0,-1.580947422719072
1.0676294971397202,-1.2175520379462217,-0.5415082648404135,1,-0.9843299608437972
-1.796742324454651,-0.5156090391302657,0.1642489523686563,0,-1.7680581005127034
1.0676294971397202,-0.5156090391302657,-0.5415082648404135,1,-0.7987953070636212
-0.8419517172565273,0.8882769585016462,1.575763386786796,4,1.1130330139658808
0.1128388899415964,-0.5156090391302657,0.1642489523686563,3,0.11671194635369242
1.0676294971397202,-0.5156090391302657,0.1642489523686563,2,-0.13431845811088117
-1.796742324454651,1.590219957317602,0.1642489523686563,1,-0.7340879680130671
1.0676294971397202,-1.2175520379462217,-0.5415082648404135,1,-0.9843299608437972
-0.8419517172565273,1.590219957317602,1.575763386786796,5,1.7759338389051655
1.0676294971397202,-0.5156090391302657,0.1642489523686563,3,0.3430477130482276
-1.796742324454651,-1.2175520379462217,-1.953022699258553,4,-0.605460103037339
-1.796742324454651,-1.9194950367621777,-1.953022699258553,5,-0.3136285856584064
0.1128388899415964,0.1863339596856902,-0.5415082648404135,2,-0.3622302488188716
-0.8419517172565273,1.590219957317602,0.8700061695777261,4,1.1114569899524254
1.0676294971397202,0.1863339596856902,0.1642489523686563,2,0.051216195669294744
0.1128388899415964,-0.5156090391302657,-0.5415082648404135,3,-0.07039873143993888
1.0676294971397202,-0.5156090391302657,-1.2472654820494833,1,-0.9859059848572526
-0.8419517172565273,1.590219957317602,1.575763386786796,5,1.7759338389051655
0.1128388899415964,-0.5156090391302657,0.1642489523686563,3,0.11671194635369242
1.0676294971397202,-0.5156090391302657,-1.2472654820494833,1,-0.9859059848572526
1.0676294971397202,-1.2175520379462217,-1.2472654820494833,1,-1.1714406386374285
1.0676294971397202,-0.5156090391302657,0.1642489523686563,3,0.3430477130482276
1.0676294971397202,0.1863339596856902,0.1642489523686563,3,0.5285823668284034
1.0676294971397202,-1.2175520379462217,-1.2472654820494833,1,-1.1714406386374285
-1.796742324454651,-1.9194950367621777,-1.2472654820494833,3,-1.0812502501829921
-0.8419517172565273,1.590219957317602,0.8700061695777261,4,1.1114569899524254
1.0676294971397202,0.1863339596856902,0.1642489523686563,3,0.5285823668284034
-0.8419517172565273,1.590219957317602,0.8700061695777261,4,1.1114569899524254
-0.8419517172565273,1.590219957317602,0.8700061695777261,4,1.1114569899524254
-0.8419517172565273,0.8882769585016462,0.8700061695777261,4,0.9259223361722495
-0.8419517172565273,1.590219957317602,1.575763386786796,4,1.298567667746057
1.0676294971397202,-0.5156090391302657,-0.5415082648404135,1,-0.7987953070636212
-0.8419517172565273,0.8882769585016462,0.8700061695777261,4,0.9259223361722495
1.0676294971397202,-1.2175520379462217,-0.5415082648404135,1,-0.9843299608437972
1.0676294971397202,-0.5156090391302657,-1.2472654820494833,1,-0.9859059848572526
-1.796742324454651,0.1863339596856902,-1.2472654820494833,1,-1.4793786311606816
0.1128388899415964,0.1863339596856902,0.1642489523686563,2,-0.1751195710252402
1.0676294971397202,-1.2175520379462217,-1.2472654820494833,1,-1.1714406386374285
0.1128388899415964,-0.5156090391302657,0.1642489523686563,2,-0.36065422480541626
1.0676294971397202,-0.5156090391302657,0.1642489523686563,3,0.3430477130482276
1.0676294971397202,-0.5156090391302657,-1.2472654820494833,1,-0.9859059848572526
0.1128388899415964,0.1863339596856902,-0.5415082648404135,3,0.1151359223402369
1.0676294971397202,-1.2175520379462217,-0.5415082648404135,1,-0.9843299608437972
0.1128388899415964,0.1863339596856902,0.1642489523686563,3,0.30224660013386845
-0.8419517172565273,-0.5156090391302657,0.1642489523686563,0,-1.5417223338181685
1.0676294971397202,-1.2175520379462217,-0.5415082648404135,1,-0.9843299608437972
1.0676294971397202,-1.2175520379462217,-0.5415082648404135,1,-0.9843299608437972
-0.8419517172565273,0.8882769585016462,0.8700061695777261,5,1.403288507331358
-0.8419517172565273,-1.9194950367621777,-1.953022699258553,2,-1.5193913324411972
1.0676294971397202,-0.5156090391302657,-1.2472654820494833,1,-0.9859059848572526
0.1128388899415964,0.1863339596856902,-0.5415082648404135,3,0.1151359223402369
0.1128388899415964,-0.5156090391302657,0.1642489523686563,2,-0.36065422480541626
-0.8419517172565273,0.8882769585016462,1.575763386786796,5,1.5903991851249897
-0.8419517172565273,0.8882769585016462,0.8700061695777261,4,0.9259223361722495
1.0676294971397202,0.1863339596856902,0.1642489523686563,3,0.5285823668284034
1.0676294971397202,0.1863339596856902,0.1642489523686563,2,0.051216195669294744
1.0676294971397202,-0.5156090391302657,-0.5415082648404135,1,-0.7987953070636212
-0.8419517172565273,0.8882769585016462,0.8700061695777261,4,0.9259223361722495
1.0676294971397202,-1.2175520379462217,-0.5415082648404135,1,-0.9843299608437972
1.0676294971397202,0.1863339596856902,0.1642489523686563,3,0.5285823668284034
0.1128388899415964,-0.5156090391302657,0.1642489523686563,2,-0.36065422480541626
-0.8419517172565273,-1.2175520379462217,1.575763386786796,1,-0.8756694608519731
-0.8419517172565273,0.8882769585016462,1.575763386786796,4,1.1130330139658808
1.0676294971397202,-0.5156090391302657,-1.2472654820494833,1,-0.9859059848572526
-1.796742324454651,-1.2175520379462217,-1.2472654820494833,5,0.059016745915401216
1.0676294971397202,0.1863339596856902,0.1642489523686563,3,0.5285823668284034
1.0676294971397202,-1.2175520379462217,-1.2472654820494833,1,-1.1714406386374285
-1.796742324454651,0.1863339596856902,-1.2472654820494833,3,-0.5246462888424643
1.0676294971397202,0.1863339596856902,-0.5415082648404135,2,-0.1358944821243367
1.0676294971397202,-0.5156090391302657,-1.2472654820494833,1,-0.9859059848572526
-0.8419517172565273,1.590219957317602,1.575763386786796,5,1.7759338389051655
1.0676294971397202,-0.5156090391302657,-1.2472654820494833,1,-0.9859059848572526
1.0676294971397202,-1.2175520379462217,-1.2472654820494833,1,-1.1714406386374285
-0.8419517172565273,-1.9194950367621777,-1.2472654820494833,0,-2.287012996965783
1.0676294971397202,-0.5156090391302657,-0.5415082648404135,1,-0.7987953070636212
0.1128388899415964,0.1863339596856902,-0.5415082648404135,2,-0.3622302488188716
1.0676294971397202,-0.5156090391302657,-1.2472654820494833,1,-0.9859059848572526
-0.8419517172565273,0.8882769585016462,0.8700061695777261,4,0.9259223361722495
1.0676294971397202,-1.2175520379462217,-1.2472654820494833,1,-1.1714406386374285
-0.8419517172565273,-0.5156090391302657,0.8700061695777261,0,-1.3546116560245371
1.0676294971397202,-0.5156090391302657,0.1642489523686563,2,-0.13431845811088117
-0.8419517172565273,1.590219957317602,1.575763386786796,4,1.298567667746057
-0.8419517172565273,-0.5156090391302657,1.575763386786796,5,1.2193298775646377
-0.8419517172565273,0.8882769585016462,1.575763386786796,5,1.5903991851249897
1.0676294971397202,-0.5156090391302657,0.1642489523686563,2,-0.13431845811088117
1.0676294971397202,0.1863339596856902,-0.5415082648404135,3,0.3414716890347721
-0.8419517172565273,1.590219957317602,1.575763386786796,4,1.298567667746057
-0.8419517172565273,1.590219957317602,-1.953022699258553,2,-0.5917180635403176
1.0676294971397202,-0.5156090391302657,0.1642489523686563,3,0.3430477130482276
1.0676294971397202,-1.2175520379462217,-1.2472654820494833,1,-1.1714406386374285
1.0676294971397202,-0.5156090391302657,-1.2472654820494833,1,-0.9859059848572526
-0.8419517172565273,1.590219957317602,1.575763386786796,5,1.7759338389051655
-0.8419517172565273,0.8882769585016462,1.575763386786796,5,1.5903991851249897
1.0676294971397202,-0.5156090391302657,0.1642489523686563,3,0.3430477130482276
1.0676294971397202,-1.2175520379462217,-1.2472654820494833,1,-1.1714406386374285
1.0676294971397202,-1.2175520379462217,-0.5415082648404135,1,-0.9843299608437972
-0.8419517172565273,1.590219957317602,-1.953022699258553,3,-0.11435189238120895
-0.8419517172565273,0.1863339596856902,-1.953022699258553,5,0.4693111423766564
1.0676294971397202,-0.5156090391302657,-0.5415082648404135,3,0.15593703525459607
1.0676294971397202,-1.2175520379462217,-1.2472654820494833,1,-1.1714406386374285
0.1128388899415964,0.1863339596856902,-0.5415082648404135,3,0.1151359223402369
0.1128388899415964,-0.5156090391302657,0.1642489523686563,3,0.11671194635369242
1.0676294971397202,-0.5156090391302657,-0.5415082648404135,2,-0.3214291359045126
1.0676294971397202,-1.2175520379462217,-0.5415082648404135,1,-0.9843299608437972
1.0676294971397202,-1.2175520379462217,-0.5415082648404135,1,-0.9843299608437972
1.0676294971397202,-0.5156090391302657,-0.5415082648404135,2,-0.3214291359045126
-0.8419517172565273,1.590219957317602,1.575763386786796,4,1.298567667746057
0.1128388899415964,0.1863339596856902,0.1642489523686563,3,0.30224660013386845
0.1128388899415964,-0.5156090391302657,-0.5415082648404135,2,-0.5477649025990475
1.0676294971397202,0.1863339596856902,-0.5415082648404135,3,0.3414716890347721
0.1128388899415964,-0.5156090391302657,0.1642489523686563,3,0.11671194635369242
1.0676294971397202,-0.5156090391302657,-0.5415082648404135,1,-0.7987953070636212
1.0676294971397202,0.1863339596856902,0.1642489523686563,2,0.051216195669294744
1.0676294971397202,0.1863339596856902,-0.5415082648404135,2,-0.1358944821243367
1.0676294971397202,-0.5156090391302657,-1.2472654820494833,1,-0.9859059848572526
1.0676294971397202,0.1863339596856902,-0.5415082648404135,2,-0.1358944821243367
0.1128388899415964,-0.5156090391302657,-0.5415082648404135,2,-0.5477649025990475
0.1128388899415964,-0.5156090391302657,-0.5415082648404135,3,-0.07039873143993888
1.0676294971397202,-1.2175520379462217,-1.2472654820494833,1,-1.1714406386374285
0.1128388899415964,-0.5156090391302657,-0.5415082648404135,3,-0.07039873143993888
1.0676294971397202,-0.5156090391302657,-0.5415082648404135,1,-0.7987953070636212
-0.8419517172565273,0.8882769585016462,0.8700061695777261,4,0.9259223361722495
-1.796742324454651,1.590219957317602,-1.953022699258553,2,-0.8180538302348526
-0.8419517172565273,1.590219957317602,1.575763386786796,5,1.7759338389051655
-0.8419517172565273,0.1863339596856902,0.8700061695777261,4,0.7403876823920734
-0.8419517172565273,0.8882769585016462,0.8700061695777261,4,0.9259223361722495
0.1128388899415964,-0.5156090391302657,-0.5415082648404135,3,-0.07039873143993888
-0.8419517172565273,0.8882769585016462,-1.953022699258553,2,-0.7772527173204935
1.0676294971397202,-0.5156090391302657,-1.2472654820494833,1,-0.9859059848572526
1.0676294971397202,0.1863339596856902,0.1642489523686563,3,0.5285823668284034
1.0676294971397202,-1.2175520379462217,-1.2472654820494833,1,-1.1714406386374285
-0.8419517172565273,1.590219957317602,0.8700061695777261,4,1.1114569899524254
-0.8419517172565273,1.590219957317602,1.575763386786796,5,1.7759338389051655
1.0676294971397202,-1.2175520379462217,-1.2472654820494833,1,-1.1714406386374285
-0.8419517172565273,0.8882769585016462,0.8700061695777261,4,0.9259223361722495
1.0676294971397202,-0.5156090391302657,-0.5415082648404135,2,-0.3214291359045126
1.0676294971397202,-0.5156090391302657,-0.5415082648404135,1,-0.7987953070636212
1.0676294971397202,-1.2175520379462217,-1.2472654820494833,1,-1.1714406386374285
-0.8419517172565273,-0.5156090391302657,0.8700061695777261,0,-1.3546116560245371
-0.8419517172565273,1.590219957317602,-0.5415082648404135,5,1.214601805524271
1.0676294971397202,-0.5156090391302657,-0.5415082648404135,1,-0.7987953070636212
1.0676294971397202,-0.5156090391302657,-1.2472654820494833,1,-0.9859059848572526
1.0676294971397202,-1.2175520379462217,-0.5415082648404135,1,-0.9843299608437972
1.0676294971397202,-1.2175520379462217,-1.2472654820494833,1,-1.1714406386374285
1.0676294971397202,-1.2175520379462217,-0.5415082648404135,1,-0.9843299608437972
0.1128388899415964,0.1863339596856902,-0.5415082648404135,2,-0.3622302488188716
-0.8419517172565273,0.8882769585016462,1.575763386786796,4,1.1130330139658808
1.0676294971397202,-0.5156090391302657,-1.2472654820494833,1,-0.9859059848572526
0.1128388899415964,-0.5156090391302657,0.1642489523686563,2,-0.36065422480541626
1.0676294971397202,-0.5156090391302657,-0.5415082648404135,3,0.15593703525459607
1.0676294971397202,0.1863339596856902,0.1642489523686563,3,0.5285823668284034
-0.8419517172565273,1.590219957317602,0.8700061695777261,5,1.5888231611115338
-0.8419517172565273,0.8882769585016462,0.8700061695777261,5,1.403288507331358
1.0676294971397202,-0.5156090391302657,-0.5415082648404135,1,-0.7987953070636212
1.0676294971397202,-1.2175520379462217,-1.2472654820494833,1,-1.1714406386374285
0.1128388899415964,-0.5156090391302657,0.1642489523686563,3,0.11671194635369242
0.1128388899415964,-0.5156090391302657,-0.5415082648404135,2,-0.5477649025990475
1.0676294971397202,-1.2175520379462217,-0.5415082648404135,1,-0.9843299608437972
-0.8419517172565273,-1.9194950367621777,-1.953022699258553,4,-0.5646589901229798
-0.8419517172565273,0.8882769585016462,0.1642489523686563,4,0.738811658378618
1.0676294971397202,0.1863339596856902,-0.5415082648404135,3,0.3414716890347721
1.0676294971397202,-1.2175520379462217,-0.5415082648404135,1,-0.9843299608437972
1.0676294971397202,-1.2175520379462217,-1.2472654820494833,1,-1.1714406386374285
1.0676294971397202,0.1863339596856902,-0.5415082648404135,3,0.3414716890347721
0.1128388899415964,0.1863339596856902,-0.5415082648404135,3,0.1151359223402369
-0.8419517172565273,1.590219957317602,0.8700061695777261,1,-0.32064152352490066
1.0676294971397202,0.1863339596856902,0.1642489523686563,2,0.051216195669294744
-0.8419517172565273,0.8882769585016462,1.575763386786796,5,1.5903991851249897
-0.8419517172565273,1.590219957317602,-0.5415082648404135,1,-0.6948628791121634
1.0676294971397202,0.1863339596856902,0.1642489523686563,2,0.051216195669294744
-0.8419517172565273,0.8882769585016462,0.8700061695777261,4,0.9259223361722495
1.0676294971397202,-0.5156090391302657,-1.2472654820494833,1,-0.9859059848572526
0.1128388899415964,0.1863339596856902,0.1642489523686563,2,-0.1751195710252402
1.0676294971397202,-1.2175520379462217,-1.2472654820494833,1,-1.1714406386374285
1.0676294971397202,-0.5156090391302657,0.1642489523686563,2,-0.13431845811088117
1.0676294971397202,-1.2175520379462217,-0.5415082648404135,1,-0.9843299608437972
-0.8419517172565273,1.590219957317602,0.8700061695777261,4,1.1114569899524254
-0.8419517172565273,0.8882769585016462,0.8700061695777261,5,1.403288507331358
1.0676294971397202,-0.5156090391302657,-1.2472654820494833,1,-0.9859059848572526
-0.8419517172565273,0.8882769585016462,1.575763386786796,4,1.1130330139658808
-1.796742324454651,1.590219957317602,0.8700061695777261,5,1.3624873944169986
-1.796742324454651,1.590219957317602,-1.2472654820494833,3,-0.15357698128211247
-0.8419517172565273,-1.9194950367621777,-1.2472654820494833,1,-1.8096468258066745
1.0676294971397202,-1.2175520379462217,-1.2472654820494833,1,-1.1714406386374285
1.0676294971397202,-0.5156090391302657,-0.5415082648404135,1,-0.7987953070636212
1.0676294971397202,-0.5156090391302657,-1.2472654820494833,1,-0.9859059848572526
1.0676294971397202,-0.5156090391302657,0.1642489523686563,3,0.3430477130482276
1.0676294971397202,-0.5156090391302657,-1.2472654820494833,1,-0.9859059848572526
-0.8419517172565273,0.8882769585016462,0.8700061695777261,5,1.403288507331358
-0.8419517172565273,1.590219957317602,0.8700061695777261,4,1.1114569899524254
-0.8419517172565273,1.590219957317602,0.8700061695777261,5,1.5888231611115338
1.0676294971397202,-1.2175520379462217,-0.5415082648404135,1,-0.9843299608437972
1.0676294971397202,-1.2175520379462217,-1.2472654820494833,1,-1.1714406386374285
0.1128388899415964,-0.5156090391302657,0.1642489523686563,2,-0.36065422480541626
1.0676294971397202,-0.5156090391302657,-1.2472654820494833,1,-0.9859059848572526
1.0676294971397202,-1.2175520379462217,-1.2472654820494833,1,-1.1714406386374285
-0.8419517172565273,0.8882769585016462,1.575763386786796,5,1.5903991851249897
1.0676294971397202,-0.5156090391302657,-0.5415082648404135,1,-0.7987953070636212
-0.8419517172565273,0.8882769585016462,0.8700061695777261,5,1.403288507331358
-0.8419517172565273,0.8882769585016462,1.575763386786796,4,1.1130330139658808
-1.796742324454651,1.590219957317602,-0.5415082648404135,4,0.5108998676706274
-0.8419517172565273,1.590219957317602,0.8700061695777261,5,1.5888231611115338
1.0676294971397202,0.1863339596856902,0.1642489523686563,3,0.5285823668284034
-0.8419517172565273,0.8882769585016462,1.575763386786796,5,1.5903991851249897
-0.8419517172565273,0.8882769585016462,0.8700061695777261,4,0.9259223361722495
-0.8419517172565273,0.1863339596856902,1.575763386786796,1,-0.5046001532916212
-0.8419517172565273,1.590219957317602,0.8700061695777261,5,1.5888231611115338
-0.8419517172565273,1.590219957317602,0.8700061695777261,5,1.5888231611115338
1.0676294971397202,-0.5156090391302657,0.1642489523686563,3,0.3430477130482276
0.1128388899415964,-0.5156090391302657,0.1642489523686563,3,0.11671194635369242
-0.8419517172565273,1.590219957317602,0.8700061695777261,4,1.1114569899524254
-0.8419517172565273,1.590219957317602,1.575763386786796,5,1.7759338389051655
-0.8419517172565273,0.8882769585016462,1.575763386786796,4,1.1130330139658808
1.0676294971397202,-1.2175520379462217,-0.5415082648404135,1,-0.9843299608437972
1.0676294971397202,0.1863339596856902,0.1642489523686563,2,0.051216195669294744
0.1128388899415964,0.1863339596856902,0.1642489523686563,3,0.30224660013386845
-0.8419517172565273,0.8882769585016462,0.8700061695777261,4,0.9259223361722495
-0.8419517172565273,1.590219957317602,1.575763386786796,5,1.7759338389051655
-0.8419517172565273,1.590219957317602,1.575763386786796,4,1.298567667746057
1.0676294971397202,-1.2175520379462217,-0.5415082648404135,1,-0.9843299608437972
1.0676294971397202,-1.2175520379462217,-0.5415082648404135,1,-0.9843299608437972
1.0676294971397202,-0.5156090391302657,-1.2472654820494833,1,-0.9859059848572526
-0.8419517172565273,0.8882769585016462,1.575763386786796,4,1.1130330139658808
0.1128388899415964,0.1863339596856902,-0.5415082648404135,3,0.1151359223402369
1.0676294971397202,-0.5156090391302657,0.1642489523686563,3,0.3430477130482276
1.0676294971397202,-1.2175520379462217,-0.5415082648404135,1,-0.9843299608437972
-0.8419517172565273,1.590219957317602,0.8700061695777261,5,1.5888231611115338
-0.8419517172565273,0.8882769585016462,1.575763386786796,4,1.1130330139658808
-0.8419517172565273,0.8882769585016462,0.8700061695777261,4,0.9259223361722495
1.0676294971397202,0.1863339596856902,0.1642489523686563,3,0.5285823668284034
0.1128388899415964,-0.5156090391302657,0.1642489523686563,3,0.11671194635369242
1.0676294971397202,-0.5156090391302657,-1.2472654820494833,1,-0.9859059848572526
-1.796742324454651,0.1863339596856902,1.575763386786796,2,-0.2535697488270475
-0.8419517172565273,-1.9194950367621777,0.8700061695777261,3,-0.29358245010756306
1.0676294971397202,-0.5156090391302657,-0.5415082648404135,1,-0.7987953070636212
-0.8419517172565273,0.8882769585016462,0.8700061695777261,3,0.4485561650131409
1.0676294971397202,0.1863339596856902,0.1642489523686563,3,0.5285823668284034
-0.8419517172565273,1.590219957317602,0.8700061695777261,4,1.1114569899524254
1.0676294971397202,-0.5156090391302657,-0.5415082648404135,2,-0.3214291359045126
1.0676294971397202,-0.5156090391302657,-0.5415082648404135,1,-0.7987953070636212
-0.8419517172565273,1.590219957317602,-0.5415082648404135,2,-0.21749670795305476
-1.796742324454651,1.590219957317602,0.1642489523686563,5,1.1753767166233677
-0.8419517172565273,0.1863339596856902,-0.5415082648404135,3,-0.11119984435429806
1.0676294971397202,-0.5156090391302657,-0.5415082648404135,1,-0.7987953070636212
-0.8419517172565273,0.8882769585016462,0.8700061695777261,4,0.9259223361722495
-0.8419517172565273,0.8882769585016462,1.575763386786796,5,1.5903991851249897
1.0676294971397202,0.1863339596856902,0.1642489523686563,2,0.051216195669294744
-0.8419517172565273,1.590219957317602,0.8700061695777261,4,1.1114569899524254
1.0676294971397202,-1.2175520379462217,-0.5415082648404135,1,-0.9843299608437972
0.1128388899415964,-0.5156090391302657,-0.5415082648404135,3,-0.07039873143993888
1.0676294971397202,-0.5156090391302657,-1.2472654820494833,1,-0.9859059848572526
0.1128388899415964,-0.5156090391302657,-0.5415082648404135,2,-0.5477649025990475
-0.8419517172565273,1.590219957317602,1.575763386786796,5,1.7759338389051655
1.0676294971397202,-0.5156090391302657,-0.5415082648404135,2,-0.3214291359045126
0.1128388899415964,0.1863339596856902,0.1642489523686563,2,-0.1751195710252402
1.0676294971397202,0.1863339596856902,0.1642489523686563,3,0.5285823668284034
1.0676294971397202,-1.2175520379462217,-0.5415082648404135,1,-0.9843299608437972
-0.8419517172565273,1.590219957317602,1.575763386786796,5,1.7759338389051655
-0.8419517172565273,-0.5156090391302657,1.575763386786796,0,-1.1675009782309056
-0.8419517172565273,1.590219957317602,0.8700061695777261,4,1.1114569899524254
1.0676294971397202,-1.2175520379462217,-1.2472654820494833,1,-1.1714406386374285
1.0676294971397202,-0.5156090391302657,-0.5415082648404135,2,-0.3214291359045126
1.0676294971397202,-0.5156090391302657,-0.5415082648404135,1,-0.7987953070636212
-0.8419517172565273,0.8882769585016462,0.8700061695777261,5,1.403288507331358
1.0676294971397202,-0.5156090391302657,-0.5415082648404135,1,-0.7987953070636212
-1.796742324454651,-1.2175520379462217,0.8700061695777261,5,0.6203487792962954
1.0676294971397202,-1.2175520379462217,-1.2472654820494833,1,-1.1714406386374285
-0.8419517172565273,1.590219957317602,0.8700061695777261,4,1.1114569899524254
-0.8419517172565273,1.590219957317602,0.8700061695777261,4,1.1114569899524254
-1.796742324454651,0.8882769585016462,1.575763386786796,1,-0.5454012662059801
-0.8419517172565273,0.8882769585016462,1.575763386786796,5,1.5903991851249897
1.0676294971397202,-0.5156090391302657,-1.2472654820494833,1,-0.9859059848572526
1.0676294971397202,-0.5156090391302657,-0.5415082648404135,3,0.15593703525459607
1.0676294971397202,-1.2175520379462217,-1.2472654820494833,1,-1.1714406386374285
-0.8419517172565273,0.8882769585016462,-1.953022699258553,1,-1.2546188884796021
-0.8419517172565273,1.590219957317602,0.8700061695777261,5,1.5888231611115338
1.0676294971397202,-0.5156090391302657,0.1642489523686563,2,-0.13431845811088117
1.0676294971397202,-0.5156090391302657,-0.5415082648404135,1,-0.7987953070636212
0.1128388899415964,0.1863339596856902,-0.5415082648404135,3,0.1151359223402369
-0.8419517172565273,0.8882769585016462,1.575763386786796,5,1.5903991851249897
-0.8419517172565273,0.8882769585016462,0.8700061695777261,4,0.9259223361722495
-1.796742324454651,-0.5156090391302657,1.575763386786796,2,-0.4391044026072234
-0.8419517172565273,1.590219957317602,1.575763386786796,5,1.7759338389051655
0.1128388899415964,0.1863339596856902,-0.5415082648404135,2,-0.3622302488188716
-0.8419517172565273,0.8882769585016462,0.1642489523686563,2,-0.21592068393959923
0.1128388899415964,-0.5156090391302657,-0.5415082648404135,3,-0.07039873143993888
1.0676294971397202,-0.5156090391302657,-1.2472654820494833,1,-0.9859059848572526
-0.8419517172565273,0.8882769585016462,0.8700061695777261,5,1.403288507331358
0.1128388899415964,0.1863339596856902,-0.5415082648404135,3,0.1151359223402369
-0.8419517172565273,0.8882769585016462,1.575763386786796,4,1.1130330139658808
-0.8419517172565273,-1.9194950367621777,1.575763386786796,0,-1.5385702857912575
-0.8419517172565273,-1.9194950367621777,1.575763386786796,5,0.8482605700042856
1.0676294971397202,-1.2175520379462217,-0.5415082648404135,1,-0.9843299608437972
0.1128388899415964,0.1863339596856902,-0.5415082648404135,3,0.1151359223402369
-0.8419517172565273,0.8882769585016462,1.575763386786796,5,1.5903991851249897
-0.8419517172565273,0.8882769585016462,1.575763386786796,4,1.1130330139658808
-0.8419517172565273,1.590219957317602,0.8700061695777261,5,1.5888231611115338
1.0676294971397202,-1.2175520379462217,-0.5415082648404135,1,-0.9843299608437972
-0.8419517172565273,0.8882769585016462,1.575763386786796,5,1.5903991851249897
-1.796742324454651,-1.9194950367621777,-1.953022699258553,0,-2.70045944145395
1.0676294971397202,0.1863339596856902,-0.5415082648404135,2,-0.1358944821243367
-0.8419517172565273,-1.2175520379462217,-1.2472654820494833,2,-1.1467460008673898
0.1128388899415964,-0.5156090391302657,-0.5415082648404135,3,-0.07039873143993888
1.0676294971397202,-1.2175520379462217,-0.5415082648404135,1,-0.9843299608437972
1.0676294971397202,-0.5156090391302657,0.1642489523686563,3,0.3430477130482276
-1.796742324454651,0.8882769585016462,0.1642489523686563,4,0.512475891684083
-1.796742324454651,0.1863339596856902,-1.2472654820494833,5,0.430086053475753
1.0676294971397202,-1.2175520379462217,-0.5415082648404135,1,-0.9843299608437972
1.0676294971397202,0.1863339596856902,-0.5415082648404135,2,-0.1358944821243367
-0.8419517172565273,1.590219957317602,0.8700061695777261,4,1.1114569899524254
0.1128388899415964,0.1863339596856902,-0.5415082648404135,3,0.1151359223402369
-1.796742324454651,1.590219957317602,-1.953022699258553,5,0.6140446832424735
0.1128388899415964,0.1863339596856902,0.1642489523686563,2,-0.1751195710252402
1.0676294971397202,-0.5156090391302657,0.1642489523686563,3,0.3430477130482276
1.0676294971397202,-0.5156090391302657,-0.5415082648404135,3,0.15593703525459607
-0.8419517172565273,0.8882769585016462,-0.5415082648404135,2,-0.4030313617332307
-0.8419517172565273,-1.2175520379462217,-1.2472654820494833,2,-1.1467460008673898
1.0676294971397202,-0.5156090391302657,-0.5415082648404135,3,0.15593703525459607
-0.8419517172565273,0.1863339596856902,1.575763386786796,0,-0.9819663244507298
1.0676294971397202,-0.5156090391302657,-1.2472654820494833,1,-0.9859059848572526
1.0676294971397202,-0.5156090391302657,-1.2472654820494833,1,-0.9859059848572526
1.0676294971397202,-0.5156090391302657,0.1642489523686563,3,0.3430477130482276
-0.8419517172565273,-1.2175520379462217,0.8700061695777261,0,-1.540146309804713
1.0676294971397202,-0.5156090391302657,-0.5415082648404135,1,-0.7987953070636212
-0.8419517172565273,0.8882769585016462,1.575763386786796,4,1.1130330139658808
0.1128388899415964,0.1863339596856902,0.1642489523686563,2,-0.1751195710252402
-0.8419517172565273,0.8882769585016462,0.8700061695777261,5,1.403288507331358
0.1128388899415964,0.1863339596856902,0.1642489523686563,3,0.30224660013386845
1.0676294971397202,-1.2175520379462217,-1.2472654820494833,1,-1.1714406386374285
1.0676294971397202,-0.5156090391302657,-0.5415082648404135,2,-0.3214291359045126
0.1128388899415964,0.1863339596856902,-0.5415082648404135,3,0.1151359223402369
-0.8419517172565273,0.8882769585016462,1.575763386786796,5,1.5903991851249897
1.0676294971397202,-0.5156090391302657,0.1642489523686563,3,0.3430477130482276
1.0676294971397202,-1.2175520379462217,-0.5415082648404135,1,-0.9843299608437972
-0.8419517172565273,1.590219957317602,0.8700061695777261,5,1.5888231611115338
-0.8419517172565273,0.8882769585016462,1.575763386786796,4,1.1130330139658808
1.0676294971397202,-0.5156090391302657,-1.2472654820494833,1,-0.9859059848572526
-0.8419517172565273,1.590219957317602,1.575763386786796,4,1.298567667746057
-1.796742324454651,1.590219957317602,-0.5415082648404135,0,-1.3985648169658071
1.0676294971397202,-0.5156090391302657,-1.2472654820494833,1,-0.9859059848572526
0.1128388899415964,-0.5156090391302657,0.1642489523686563,3,0.11671194635369242
1.0676294971397202,-0.5156090391302657,0.1642489523686563,2,-0.13431845811088117
-0.8419517172565273,1.590219957317602,0.8700061695777261,4,1.1114569899524254
-1.796742324454651,0.1863339596856902,-1.2472654820494833,5,0.430086053475753
1.0676294971397202,-0.5156090391302657,-0.5415082648404135,1,-0.7987953070636212
-0.8419517172565273,-0.5156090391302657,0.1642489523686563,0,-1.5417223338181685
0.1128388899415964,-0.5156090391302657,0.1642489523686563,2,-0.36065422480541626
-1.796742324454651,-0.5156090391302657,1.575763386786796,5,0.9929941108701027
-1.796742324454651,-0.5156090391302657,-0.5415082648404135,5,0.43166207748920826
-1.796742324454651,-1.9194950367621777,-1.953022699258553,5,-0.3136285856584064
0.1128388899415964,-0.5156090391302657,0.1642489523686563,2,-0.36065422480541626
-1.796742324454651,-1.2175520379462217,0.8700061695777261,1,-1.2891159053401393
-0.8419517172565273,0.8882769585016462,0.8700061695777261,5,1.403288507331358
1.0676294971397202,-0.5156090391302657,-0.5415082648404135,1,-0.7987953070636212
0.1128388899415964,0.1863339596856902,-0.5415082648404135,3,0.1151359223402369
-0.8419517172565273,-0.5156090391302657,0.1642489523686563,1,-1.0643561626590599
-0.8419517172565273,0.1863339596856902,-1.2472654820494833,1,-1.2530428644661467
0.1128388899415964,0.1863339596856902,-0.5415082648404135,3,0.1151359223402369
1.0676294971397202,-0.5156090391302657,-1.2472654820494833,1,-0.9859059848572526
1.0676294971397202,-0.5156090391302657,0.1642489523686563,3,0.3430477130482276
1.0676294971397202,-0.5156090391302657,0.1642489523686563,3,0.3430477130482276
0.1128388899415964,0.1863339596856902,-0.5415082648404135,3,0.1151359223402369
0.1128388899415964,-0.5156090391302657,-0.5415082648404135,3,-0.07039873143993888
1.0676294971397202,-1.2175520379462217,-1.2472654820494833,1,-1.1714406386374285
1.0676294971397202,-1.2175520379462217,-1.2472654820494833,1,-1.1714406386374285
1.0676294971397202,-0.5156090391302657,0.1642489523686563,2,-0.13431845811088117
0.1128388899415964,0.1863339596856902,0.1642489523686563,3,0.30224660013386845
1.0676294971397202,-1.2175520379462217,-0.5415082648404135,1,-0.9843299608437972
0.1128388899415964,-0.5156090391302657,0.1642489523686563,2,-0.36065422480541626
1.0676294971397202,-0.5156090391302657,-0.5415082648404135,1,-0.7987953070636212
0.1128388899415964,-0.5156090391302657,-0.5415082648404135,3,-0.07039873143993888
0.1128388899415964,-0.5156090391302657,-0.5415082648404135,2,-0.5477649025990475
1.0676294971397202,-0.5156090391302657,-1.2472654820494833,1,-0.9859059848572526
1.0676294971397202,-0.5156090391302657,-1.2472654820494833,1,-0.9859059848572526
-1.796742324454651,1.590219957317602,0.8700061695777261,1,-0.5469772902194356
-0.8419517172565273,0.8882769585016462,0.8700061695777261,4,0.9259223361722495
1.0676294971397202,-0.5156090391302657,-1.2472654820494833,1,-0.9859059848572526
-1.796742324454651,-1.2175520379462217,1.575763386786796,1,-1.102005227546508
1.0676294971397202,-0.5156090391302657,-0.5415082648404135,2,-0.3214291359045126
-0.8419517172565273,0.8882769585016462,1.575763386786796,4,1.1130330139658808
-0.8419517172565273,0.8882769585016462,0.8700061695777261,5,1.403288507331358
-0.8419517172565273,0.8882769585016462,1.575763386786796,4,1.1130330139658808
-0.8419517172565273,1.590219957317602,1.575763386786796,5,1.7759338389051655
0.1128388899415964,-0.5156090391302657,0.1642489523686563,3,0.11671194635369242
-0.8419517172565273,1.590219957317602,0.1642489523686563,4,0.924346312158794
-0.8419517172565273,1.590219957317602,0.8700061695777261,5,1.5888231611115338
0.1128388899415964,-0.5156090391302657,-0.5415082648404135,3,-0.07039873143993888
-1.796742324454651,-1.9194950367621777,-0.5415082648404135,2,-1.3715057435484694
-0.8419517172565273,0.1863339596856902,-1.2472654820494833,2,-0.775676693307038
1.0676294971397202,-1.2175520379462217,-1.2472654820494833,1,-1.1714406386374285
1.0676294971397202,-1.2175520379462217,-1.2472654820494833,1,-1.1714406386374285
1.0676294971397202,-0.5156090391302657,-1.2472654820494833,1,-0.9859059848572526
-1.796742324454651,-0.5156090391302657,-0.5415082648404135,1,-1.477802607147226
1.0676294971397202,-1.2175520379462217,-0.5415082648404135,1,-0.9843299608437972
-0.8419517172565273,1.590219957317602,1.575763386786796,4,1.298567667746057
1.0676294971397202,-0.5156090391302657,-1.2472654820494833,1,-0.9859059848572526
1.0676294971397202,0.1863339596856902,-0.5415082648404135,3,0.3414716890347721
1.0676294971397202,-1.2175520379462217,-1.2472654820494833,1,-1.1714406386374285
-0.8419517172565273,0.8882769585016462,0.8700061695777261,4,0.9259223361722495
-0.8419517172565273,1.590219957317602,1.575763386786796,5,1.7759338389051655
1.0676294971397202,-0.5156090391302657,-0.5415082648404135,1,-0.7987953070636212
1.0676294971397202,-1.2175520379462217,-0.5415082648404135,1,-0.9843299608437972
1.0676294971397202,-1.2175520379462217,-1.2472654820494833,1,-1.1714406386374285
0.1128388899415964,0.1863339596856902,0.1642489523686563,3,0.30224660013386845
1.0676294971397202,-0.5156090391302657,0.1642489523686563,2,-0.13431845811088117
-0.8419517172565273,0.8882769585016462,1.575763386786796,5,1.5903991851249897
1.0676294971397202,-1.2175520379462217,-0.5415082648404135,1,-0.9843299608437972
-0.8419517172565273,-0.5156090391302657,-1.2472654820494833,0,-1.9159436894054311
1.0676294971397202,-0.5156090391302657,0.1642489523686563,2,-0.13431845811088117
-1.796742324454651,-1.2175520379462217,0.8700061695777261,4,0.14298260813718672
0.1128388899415964,-0.5156090391302657,-0.5415082648404135,3,-0.07039873143993888
0.1128388899415964,-0.5156090391302657,-0.5415082648404135,3,-0.07039873143993888
-0.8419517172565273,1.590219957317602,0.8700061695777261,4,1.1114569899524254
1.0676294971397202,-0.5156090391302657,-0.5415082648404135,1,-0.7987953070636212
-0.8419517172565273,0.8882769585016462,1.575763386786796,4,1.1130330139658808
1.0676294971397202,-0.5156090391302657,-0.5415082648404135,3,0.15593703525459607
1.0676294971397202,-0.5156090391302657,-0.5415082648404135,2,-0.3214291359045126
0.1128388899415964,-0.5156090391302657,0.1642489523686563,2,-0.36065422480541626
-0.8419517172565273,1.590219957317602,0.8700061695777261,4,1.1114569899524254
1.0676294971397202,-0.5156090391302657,-0.5415082648404135,3,0.15593703525459607
1.0676294971397202,-0.5156090391302657,-1.2472654820494833,1,-0.9859059848572526
-0.8419517172565273,1.590219957317602,1.575763386786796,5,1.7759338389051655
-0.8419517172565273,0.8882769585016462,0.8700061695777261,4,0.9259223361722495
-0.8419517172565273,1.590219957317602,1.575763386786796,5,1.7759338389051655
1.0676294971397202,-0.5156090391302657,0.1642489523686563,3,0.3430477130482276
1.0676294971397202,-1.2175520379462217,-0.5415082648404135,1,-0.9843299608437972
1.0676294971397202,-0.5156090391302657,-0.5415082648404135,1,-0.7987953070636212
-0.8419517172565273,1.590219957317602,0.8700061695777261,5,1.5888231611115338
1.0676294971397202,0.1863339596856902,0.1642489523686563,2,0.051216195669294744
-0.8419517172565273,1.590219957317602,0.8700061695777261,5,1.5888231611115338
1.0676294971397202,0.1863339596856902,-0.5415082648404135,3,0.3414716890347721
1.0676294971397202,-1.2175520379462217,-1.2472654820494833,1,-1.1714406386374285
0.1128388899415964,-0.5156090391302657,-0.5415082648404135,3,-0.07039873143993888
-0.8419517172565273,1.590219957317602,1.575763386786796,4,1.298567667746057
-0.8419517172565273,1.590219957317602,0.8700061695777261,4,1.1114569899524254
-0.8419517172565273,0.8882769585016462,1.575763386786796,4,1.1130330139658808
-0.8419517172565273,0.8882769585016462,-1.2472654820494833,1,-1.0675082106859706
-0.8419517172565273,1.590219957317602,0.8700061695777261,4,1.1114569899524254
-0.8419517172565273,1.590219957317602,0.8700061695777261,4,1.1114569899524254
-0.8419517172565273,0.8882769585016462,0.8700061695777261,5,1.403288507331358
1.0676294971397202,0.1863339596856902,-0.5415082648404135,3,0.3414716890347721
-0.8419517172565273,0.8882769585016462,0.8700061695777261,5,1.403288507331358
-0.8419517172565273,1.590219957317602,1.575763386786796,5,1.7759338389051655
-0.8419517172565273,0.8882769585016462,1.575763386786796,5,1.5903991851249897
1.0676294971397202,-1.2175520379462217,-1.2472654820494833,1,-1.1714406386374285
1.0676294971397202,0.1863339596856902,-0.5415082648404135,2,-0.1358944821243367
-0.8419517172565273,0.8882769585016462,0.8700061695777261,4,0.9259223361722495
-0.8419517172565273,1.590219957317602,1.575763386786796,4,1.298567667746057
1.0676294971397202,-0.5156090391302657,-0.5415082648404135,1,-0.7987953070636212
1.0676294971397202,-0.5156090391302657,-1.2472654820494833,1,-0.9859059848572526
-0.8419517172565273,0.8882769585016462,0.8700061695777261,4,0.9259223361722495
-0.8419517172565273,1.590219957317602,1.575763386786796,4,1.298567667746057
1.0676294971397202,-0.5156090391302657,-1.2472654820494833,1,-0.9859059848572526
-0.8419517172565273,0.8882769585016462,0.8700061695777261,5,1.403288507331358
1.0676294971397202,-1.2175520379462217,-1.2472654820494833,1,-1.1714406386374285
0.1128388899415964,0.1863339596856902,-0.5415082648404135,3,0.1151359223402369
-0.8419517172565273,1.590219957317602,0.8700061695777261,4,1.1114569899524254
1.0676294971397202,-0.5156090391302657,-0.5415082648404135,3,0.15593703525459607
1.0676294971397202,-0.5156090391302657,-0.5415082648404135,1,-0.7987953070636212
1.0676294971397202,-0.5156090391302657,0.1642489523686563,3,0.3430477130482276
0.1128388899415964,0.1863339596856902,-0.5415082648404135,2,-0.3622302488188716
-0.8419517172565273,0.8882769585016462,0.8700061695777261,4,0.9259223361722495
1.0676294971397202,-0.5156090391302657,-1.2472654820494833,1,-0.9859059848572526
-0.8419517172565273,1.590219957317602,0.8700061695777261,4,1.1114569899524254
1.0676294971397202,-0.5156090391302657,-0.5415082648404135,1,-0.7987953070636212
-0.8419517172565273,0.8882769585016462,0.8700061695777261,4,0.9259223361722495
1.0676294971397202,-1.2175520379462217,-0.5415082648404135,1,-0.9843299608437972
0.1128388899415964,0.1863339596856902,-0.5415082648404135,2,-0.3622302488188716
-1.796742324454651,0.1863339596856902,-1.2472654820494833,1,-1.4793786311606816
-0.8419517172565273,0.8882769585016462,1.575763386786796,4,1.1130330139658808
1.0676294971397202,-0.5156090391302657,-1.2472654820494833,1,-0.9859059848572526
1.0676294971397202,-0.5156090391302657,0.1642489523686563,3,0.3430477130482276
-0.8419517172565273,1.590219957317602,1.575763386786796,4,1.298567667746057
-0.8419517172565273,0.8882769585016462,1.575763386786796,4,1.1130330139658808
-0.8419517172565273,1.590219957317602,0.8700061695777261,0,-0.7980076946840093
-0.8419517172565273,0.8882769585016462,0.8700061695777261,5,1.403288507331358
-0.8419517172565273,1.590219957317602,1.575763386786796,5,1.7759338389051655
1.0676294971397202,-1.2175520379462217,-1.2472654820494833,1,-1.1714406386374285
-0.8419517172565273,1.590219957317602,1.575763386786796,4,1.298567667746057
-0.8419517172565273,-0.5156090391302657,1.575763386786796,3,0.2645975352464203
1.0676294971397202,-0.5156090391302657,-0.5415082648404135,2,-0.3214291359045126
0.1128388899415964,-0.5156090391302657,-0.5415082648404135,2,-0.5477649025990475
-0.8419517172565273,-0.5156090391302657,0.1642489523686563,4,0.3677423508182661
-0.8419517172565273,0.8882769585016462,1.575763386786796,5,1.5903991851249897
1.0676294971397202,-1.2175520379462217,-1.2472654820494833,1,-1.1714406386374285
0.1128388899415964,-0.5156090391302657,0.1642489523686563,3,0.11671194635369242
-0.8419517172565273,1.590219957317602,0.8700061695777261,4,1.1114569899524254
1.0676294971397202,-0.5156090391302657,-0.5415082648404135,1,-0.7987953070636212
1.0676294971397202,-1.2175520379462217,-1.2472654820494833,1,-1.1714406386374285
1.0676294971397202,-0.5156090391302657,-0.5415082648404135,1,-0.7987953070636212
1.0676294971397202,0.1863339596856902,-0.5415082648404135,2,-0.1358944821243367
0.1128388899415964,-0.5156090391302657,0.1642489523686563,3,0.11671194635369242
-1.796742324454651,1.590219957317602,-0.5415082648404135,4,0.5108998676706274
-0.8419517172565273,0.8882769585016462,0.1642489523686563,5,1.2161778295377266
1.0676294971397202,-0.5156090391302657,-1.2472654820494833,1,-0.9859059848572526
-0.8419517172565273,0.1863339596856902,0.8700061695777261,4,0.7403876823920734
1.0676294971397202,-0.5156090391302657,-0.5415082648404135,3,0.15593703525459607
1.0676294971397202,-1.2175520379462217,-1.2472654820494833,1,-1.1714406386374285
1.0676294971397202,0.1863339596856902,-0.5415082648404135,3,0.3414716890347721
-0.8419517172565273,0.8882769585016462,0.8700061695777261,4,0.9259223361722495
1.0676294971397202,0.1863339596856902,0.1642489523686563,3,0.5285823668284034
-1.796742324454651,-0.5156090391302657,-1.953022699258553,4,-0.41992544925716296
1.0676294971397202,-0.5156090391302657,-0.5415082648404135,1,-0.7987953070636212
-1.796742324454651,0.1863339596856902,0.8700061695777261,2,-0.4406804266206788
-0.8419517172565273,0.1863339596856902,0.1642489523686563,1,-0.8788215088788839
1.0676294971397202,-0.5156090391302657,-0.5415082648404135,3,0.15593703525459607
1.0676294971397202,-1.2175520379462217,-0.5415082648404135,1,-0.9843299608437972
1.0676294971397202,-0.5156090391302657,-1.2472654820494833,1,-0.9859059848572526
1.0676294971397202,-0.5156090391302657,-1.2472654820494833,1,-0.9859059848572526
-0.8419517172565273,0.8882769585016462,0.8700061695777261,4,0.9259223361722495
1.0676294971397202,-1.2175520379462217,-1.2472654820494833,1,-1.1714406386374285
-0.8419517172565273,-1.2175520379462217,0.1642489523686563,2,-0.7725246452801271
-0.8419517172565273,1.590219957317602,0.8700061695777261,4,1.1114569899524254
-0.8419517172565273,0.1863339596856902,0.8700061695777261,0,-1.169077002244361
1.0676294971397202,-1.2175520379462217,-1.2472654820494833,1,-1.1714406386374285
-0.8419517172565273,0.8882769585016462,1.575763386786796,5,1.5903991851249897
-1.796742324454651,0.8882769585016462,0.1642489523686563,4,0.512475891684083
0.1128388899415964,-0.5156090391302657,-0.5415082648404135,3,-0.07039873143993888
-0.8419517172565273,0.8882769585016462,1.575763386786796,5,1.5903991851249897
-0.8419517172565273,0.8882769585016462,1.575763386786796,4,1.1130330139658808
1.0676294971397202,-0.5156090391302657,-1.2472654820494833,1,-0.9859059848572526
0.1128388899415964,0.1863339596856902,0.1642489523686563,2,-0.1751195710252402
-0.8419517172565273,0.8882769585016462,0.8700061695777261,5,1.403288507331358
1.0676294971397202,-0.5156090391302657,-1.2472654820494833,1,-0.9859059848572526
-0.8419517172565273,1.590219957317602,1.575763386786796,5,1.7759338389051655
-0.8419517172565273,-1.2175520379462217,-0.5415082648404135,2,-0.9596353230737585
1.0676294971397202,-0.5156090391302657,-1.2472654820494833,1,-0.9859059848572526
-1.796742324454651,0.1863339596856902,0.8700061695777261,0,-1.3954127689388962
0.1128388899415964,0.1863339596856902,-0.5415082648404135,3,0.1151359223402369
-0.8419517172565273,1.590219957317602,1.575763386786796,4,1.298567667746057
-0.8419517172565273,0.1863339596856902,-0.5415082648404135,3,-0.11119984435429806
-0.8419517172565273,1.590219957317602,0.8700061695777261,5,1.5888231611115338
-0.8419517172565273,-1.9194950367621777,1.575763386786796,2,-0.5838379434730403
0.1128388899415964,-0.5156090391302657,-0.5415082648404135,2,-0.5477649025990475
-0.8419517172565273,1.590219957317602,0.8700061695777261,5,1.5888231611115338
0.1128388899415964,-0.5156090391302657,0.1642489523686563,2,-0.36065422480541626
1.0676294971397202,-0.5156090391302657,-0.5415082648404135,2,-0.3214291359045126
-1.796742324454651,1.590219957317602,-1.2472654820494833,2,-0.6309431524412211
-0.8419517172565273,0.8882769585016462,1.575763386786796,1,-0.3190654995114452
1.0676294971397202,-1.2175520379462217,-0.5415082648404135,1,-0.9843299608437972
1.0676294971397202,-0.5156090391302657,-0.5415082648404135,1,-0.7987953070636212
1.0676294971397202,-0.5156090391302657,-1.2472654820494833,1,-0.9859059848572526
-0.8419517172565273,-1.2175520379462217,-1.953022699258553,3,-0.8564905075019127
-1.796742324454651,0.8882769585016462,0.1642489523686563,5,0.9898420628431917
-0.8419517172565273,1.590219957317602,0.8700061695777261,5,1.5888231611115338
-0.8419517172565273,0.8882769585016462,-1.953022699258553,2,-0.7772527173204935
1.0676294971397202,-0.5156090391302657,-1.2472654820494833,1,-0.9859059848572526
0.1128388899415964,-0.5156090391302657,0.1642489523686563,2,-0.36065422480541626
0.1128388899415964,0.1863339596856902,-0.5415082648404135,2,-0.3622302488188716
-0.8419517172565273,1.590219957317602,1.575763386786796,5,1.7759338389051655
-0.8419517172565273,1.590219957317602,0.8700061695777261,5,1.5888231611115338
1.0676294971397202,-0.5156090391302657,-0.5415082648404135,1,-0.7987953070636212
1.0676294971397202,-0.5156090391302657,-1.2472654820494833,1,-0.9859059848572526
1.0676294971397202,-1.2175520379462217,-0.5415082648404135,1,-0.9843299608437972
-0.8419517172565273,0.8882769585016462,1.575763386786796,5,1.5903991851249897
-1.796742324454651,0.8882769585016462,-1.953022699258553,0,-1.958320826333246
-0.8419517172565273,1.590219957317602,0.8700061695777261,4,1.1114569899524254
1.0676294971397202,0.1863339596856902,-0.5415082648404135,2,-0.1358944821243367
1.0676294971397202,-0.5156090391302657,-1.2472654820494833,1,-0.9859059848572526
0.1128388899415964,0.1863339596856902,0.1642489523686563,2,-0.1751195710252402
-0.8419517172565273,0.8882769585016462,0.8700061695777261,5,1.403288507331358
-0.8419517172565273,1.590219957317602,0.8700061695777261,4,1.1114569899524254
-0.8419517172565273,1.590219957317602,0.8700061695777261,4,1.1114569899524254
-1.796742324454651,-1.9194950367621777,0.8700061695777261,5,0.4348141255161193
1.0676294971397202,-0.5156090391302657,-0.5415082648404135,3,0.15593703525459607
0.1128388899415964,0.1863339596856902,0.1642489523686563,2,-0.1751195710252402
-0.8419517172565273,1.590219957317602,0.8700061695777261,4,1.1114569899524254
1.0676294971397202,-0.5156090391302657,-1.2472654820494833,1,-0.9859059848572526
1.0676294971397202,-0.5156090391302657,-0.5415082648404135,1,-0.7987953070636212
-0.8419517172565273,-0.5156090391302657,0.8700061695777261,3,0.07748685745278903
-0.8419517172565273,0.1863339596856902,-1.2472654820494833,3,-0.29831052214792936
-0.8419517172565273,0.8882769585016462,0.8700061695777261,5,1.403288507331358
0.1128388899415964,-0.5156090391302657,-0.5415082648404135,2,-0.5477649025990475
-0.8419517172565273,1.590219957317602,1.575763386786796,5,1.7759338389051655
-1.796742324454651,-1.9194950367621777,0.1642489523686563,2,-1.184395065754838
-0.8419517172565273,0.8882769585016462,0.8700061695777261,5,1.403288507331358
-0.8419517172565273,-0.5156090391302657,1.575763386786796,1,-0.690134807071797
1.0676294971397202,-1.2175520379462217,-0.5415082648404135,1,-0.9843299608437972
-0.8419517172565273,0.8882769585016462,0.8700061695777261,4,0.9259223361722495
-0.8419517172565273,-1.9194950367621777,1.575763386786796,5,0.8482605700042856
-0.8419517172565273,-0.5156090391302657,-1.953022699258553,1,-1.625688196039954
-0.8419517172565273,1.590219957317602,1.575763386786796,5,1.7759338389051655
1.0676294971397202,0.1863339596856902,0.1642489523686563,3,0.5285823668284034
1.0676294971397202,-1.2175520379462217,-1.2472654820494833,1,-1.1714406386374285
-1.796742324454651,-1.2175520379462217,-1.953022699258553,3,-1.0828262741964476
1.0676294971397202,-0.5156090391302657,0.1642489523686563,3,0.3430477130482276
-0.8419517172565273,0.1863339596856902,0.8700061695777261,3,0.2630215112329648
1.0676294971397202,-1.2175520379462217,-0.5415082648404135,1,-0.9843299608437972
-0.8419517172565273,0.8882769585016462,0.8700061695777261,4,0.9259223361722495
-0.8419517172565273,1.590219957317602,-1.2472654820494833,4,0.5501249565715312
